filename,page,block,line,word,text,text_type,?,variable,first name,last name,street number,street name,city,state,zip,date,price,acct_#,int_usage,meter_#
Ohio_Electric_Bill_sample,1,1,1,1,Turn,GeneralText,,,,,,,,,,,,,,
Ohio_Electric_Bill_sample,1,1,1,2,over,GeneralText,,,,,,,,,,,,,,
Ohio_Electric_Bill_sample,1,1,1,3,for,GeneralText,,,,,,,,,,,,,,
Ohio_Electric_Bill_sample,1,1,1,4,important,GeneralText,,,,,,,,,,,,,,
Ohio_Electric_Bill_sample,1,1,1,5,information!,GeneralText,,,,,,,,,,,,,,
Ohio_Electric_Bill_sample,1,1,2,1,Please,GeneralText,,,,,,,,,,,,,,
Ohio_Electric_Bill_sample,1,1,2,2,tear,GeneralText,,,,,,,,,,,,,,
Ohio_Electric_Bill_sample,1,1,2,3,on,GeneralText,,,,,,,,,,,,,,
Ohio_Electric_Bill_sample,1,1,2,4,dotted,GeneralText,,,,,,,,,,,,,,
Ohio_Electric_Bill_sample,1,1,2,5,line.,GeneralText,,,,,,,,,,,,,,
Ohio_Electric_Bill_sample,1,2,1,1,PO,GeneralText,,,,,,,,,,,,,,
Ohio_Electric_Bill_sample,1,2,1,2,BOX,GeneralText,,,,,,,,,,,,,,
Ohio_Electric_Bill_sample,1,2,1,3,24401,GeneralText,,,,,,,,,,,,,,
Ohio_Electric_Bill_sample,1,2,2,1,"CANTON,",GeneralText,,,,,,,,,,,,,,
Ohio_Electric_Bill_sample,1,2,2,2,OH,GeneralText,,,,,,,,,,,,,,
Ohio_Electric_Bill_sample,1,2,2,3,44701-4401,GeneralText,,,,,,,,,,,,,,
Ohio_Electric_Bill_sample,1,3,1,1,35783,PageHeader,,,,,,,,,,,,,,
Ohio_Electric_Bill_sample,1,4,1,1,JANE,,,x,x,,,,,,,,,,,
Ohio_Electric_Bill_sample,1,4,1,2,SMITH,,,x,,x,,,,,,,,,,
Ohio_Electric_Bill_sample,1,4,2,1,123,,,x,,,x,,,,,,,,,
Ohio_Electric_Bill_sample,1,4,2,2,MAIN,,,x,,,,x,,,,,,,,
Ohio_Electric_Bill_sample,1,4,2,3,ST,,,x,,,,x,,,,,,,,
Ohio_Electric_Bill_sample,1,4,3,1,ANY,,,x,,,,,x,,,,,,,
Ohio_Electric_Bill_sample,1,4,3,2,"CITY,",,,x,,,,,x,,,,,,,
Ohio_Electric_Bill_sample,1,4,3,3,OH,,,x,,,,,,x,,,,,,
Ohio_Electric_Bill_sample,1,4,3,4,43999-9999,,,x,,,,,,,x,,,,,
Ohio_Electric_Bill_sample,1,5,1,1,CY,PageHeader,,,,,,,,,,,,,,
Ohio_Electric_Bill_sample,1,5,1,2,14,PageHeader,,,,,,,,,,,,,,
Ohio_Electric_Bill_sample,1,6,1,1,Notes,GeneralText,,,,,,,,,,,,,,
Ohio_Electric_Bill_sample,1,6,1,2,from,GeneralText,,,,,,,,,,,,,,
Ohio_Electric_Bill_sample,1,6,1,3,AEP,BillHeader,,,,,,,,,,,,,,
Ohio_Electric_Bill_sample,1,6,1,4,Ohio:,BillHeader,,,,,,,,,,,,,,
Ohio_Electric_Bill_sample,1,7,1,1,Usage,IntUsageText,,,,,,,,,,,,,,
Ohio_Electric_Bill_sample,1,7,1,2,History,IntUsageText,,,,,,,,,,,,,,
Ohio_Electric_Bill_sample,1,7,1,3,(kWh):,IntUsageText,,,,,,,,,,,,,,
Ohio_Electric_Bill_sample,1,8,1,1,May,,,x,,,,,,,,,,,,
Ohio_Electric_Bill_sample,1,8,2,1,Jun,,,x,,,,,,,,,,,,
Ohio_Electric_Bill_sample,1,8,3,1,Jul,,,x,,,,,,,,,,,,
Ohio_Electric_Bill_sample,1,8,4,1,Aug,,,x,,,,,,,,,,,,
Ohio_Electric_Bill_sample,1,8,5,1,Sep,,,x,,,,,,,,,,,,
Ohio_Electric_Bill_sample,1,8,6,1,Oct,,,x,,,,,,,,,,,,
Ohio_Electric_Bill_sample,1,8,7,1,Nov,,,x,,,,,,,,,,,,
Ohio_Electric_Bill_sample,1,8,8,1,Dec,,,x,,,,,,,,,,,,
Ohio_Electric_Bill_sample,1,8,9,1,Jan,,,x,,,,,,,,,,,,
Ohio_Electric_Bill_sample,1,8,10,1,Feb,,,x,,,,,,,,,,,,
Ohio_Electric_Bill_sample,1,8,11,1,Mar,,,x,,,,,,,,,,,,
Ohio_Electric_Bill_sample,1,8,12,1,Apr,,,x,,,,,,,,,,,,
Ohio_Electric_Bill_sample,1,8,13,1,May,,,x,,,,,,,,,,,,
Ohio_Electric_Bill_sample,1,9,1,1,949,,,x,,,,,,,,,,,x,
Ohio_Electric_Bill_sample,1,10,1,1,"1,099",,,x,,,,,,,,,,,x,
Ohio_Electric_Bill_sample,1,11,1,1,"1,111",,,x,,,,,,,,,,,x,
Ohio_Electric_Bill_sample,1,11,2,1,"1,584",,,x,,,,,,,,,,,x,
Ohio_Electric_Bill_sample,1,12,1,1,680,,,x,,,,,,,,,,,x,
Ohio_Electric_Bill_sample,1,13,1,1,704,,,x,,,,,,,,,,,x,
Ohio_Electric_Bill_sample,1,14,1,1,392,,,x,,,,,,,,,,,x,
Ohio_Electric_Bill_sample,1,15,1,1,404,,,x,,,,,,,,,,,x,
Ohio_Electric_Bill_sample,1,16,1,1,513,,,x,,,,,,,,,,,x,
Ohio_Electric_Bill_sample,1,17,1,1,347,,,x,,,,,,,,,,,x,
Ohio_Electric_Bill_sample,1,18,1,1,333,,,x,,,,,,,,,,,x,
Ohio_Electric_Bill_sample,1,19,1,1,382,,,x,,,,,,,,,,,x,
Ohio_Electric_Bill_sample,1,20,1,1,747,,,x,,,,,,,,,,,x,
Ohio_Electric_Bill_sample,1,21,1,1,2017,,,x,,,,,,,,x,,,,
Ohio_Electric_Bill_sample,1,21,2,1,2018,,,x,,,,,,,,x,,,,
Ohio_Electric_Bill_sample,1,22,1,1,Need,GeneralText,,,,,,,,,,,,,,
Ohio_Electric_Bill_sample,1,22,1,2,to,GeneralText,,,,,,,,,,,,,,
Ohio_Electric_Bill_sample,1,22,1,3,get,GeneralText,,,,,,,,,,,,,,
Ohio_Electric_Bill_sample,1,22,1,4,in,GeneralText,,,,,,,,,,,,,,
Ohio_Electric_Bill_sample,1,22,1,5,touch?,GeneralText,,,,,,,,,,,,,,
Ohio_Electric_Bill_sample,1,23,1,1,Customer,GeneralText,,,,,,,,,,,,,,
Ohio_Electric_Bill_sample,1,23,1,2,Operations,GeneralText,,,,,,,,,,,,,,
Ohio_Electric_Bill_sample,1,23,1,3,Center:,GeneralText,,,,,,,,,,,,,,
Ohio_Electric_Bill_sample,1,23,1,4,1-844-237-6446,GeneralText,,,,,,,,,,,,,,
Ohio_Electric_Bill_sample,1,23,2,1,View,GeneralText,,,,,,,,,,,,,,
Ohio_Electric_Bill_sample,1,23,2,2,outage,GeneralText,,,,,,,,,,,,,,
Ohio_Electric_Bill_sample,1,23,2,3,information,GeneralText,,,,,,,,,,,,,,
Ohio_Electric_Bill_sample,1,23,2,4,at,GeneralText,,,,,,,,,,,,,,
Ohio_Electric_Bill_sample,1,23,2,5,aepohio.com,GeneralText,,,,,,,,,,,,,,
Ohio_Electric_Bill_sample,1,24,1,1,Methods,GeneralText,,,,,,,,,,,,,,
Ohio_Electric_Bill_sample,1,24,1,2,of,GeneralText,,,,,,,,,,,,,,
Ohio_Electric_Bill_sample,1,24,1,3,Payment,GeneralText,,,,,,,,,,,,,,
Ohio_Electric_Bill_sample,1,25,1,1,aepohio.com,GeneralText,,,,,,,,,,,,,,
Ohio_Electric_Bill_sample,1,26,1,1,PO,GeneralText,,,,,,,,,,,,,,
Ohio_Electric_Bill_sample,1,26,1,2,Box,GeneralText,,,,,,,,,,,,,,
Ohio_Electric_Bill_sample,1,26,1,3,24417,GeneralText,,,,,,,,,,,,,,
Ohio_Electric_Bill_sample,1,26,2,1,Canton,GeneralText,,,,,,,,,,,,,,
Ohio_Electric_Bill_sample,1,26,2,2,OH,GeneralText,,,,,,,,,,,,,,
Ohio_Electric_Bill_sample,1,26,2,3,44701-4417,GeneralText,,,,,,,,,,,,,,
Ohio_Electric_Bill_sample,1,27,1,1,1-800-611-0964,GeneralText,,,,,,,,,,,,,,
Ohio_Electric_Bill_sample,1,27,1,2,($1.85,GeneralText,,,,,,,,,,,,,,
Ohio_Electric_Bill_sample,1,27,1,3,fee),PriceText,,,,,,,,,,,,,,
Ohio_Electric_Bill_sample,1,28,1,1,Supply,PriceText,,,,,,,,,,,,,,
Ohio_Electric_Bill_sample,1,28,2,1,Charge,PriceText,,,,,,,,,,,,,,
Ohio_Electric_Bill_sample,1,28,3,1,$46.11 ,,,x,,,,,,,,,x,,,
Ohio_Electric_Bill_sample,1,29,1,1,Delivery,PriceText,,,,,,,,,,,,,,
Ohio_Electric_Bill_sample,1,29,2,1,Charge,PriceText,,,,,,,,,,,,,,
Ohio_Electric_Bill_sample,1,29,3,1,$58.56 ,,,x,,,,,,,,,x,,,
Ohio_Electric_Bill_sample,1,30,1,1,Current,PriceText,,,,,,,,,,,,,,
Ohio_Electric_Bill_sample,1,30,1,2,bill,PriceText,,,,,,,,,,,,,,
Ohio_Electric_Bill_sample,1,30,1,3,summary:,PriceText,,,,,,,,,,,,,,
Ohio_Electric_Bill_sample,1,30,2,1,Billing,DateText,,,,,,,,,,,,,,
Ohio_Electric_Bill_sample,1,30,2,2,from,DateText,,,,,,,,,,,,,,
Ohio_Electric_Bill_sample,1,30,2,3,4/19/2018,,,x,,,,,,,,x,,,,
Ohio_Electric_Bill_sample,1,30,2,4,-,ConcatText,,,,,,,,,,,,,,
Ohio_Electric_Bill_sample,1,30,2,5,5/17/2018,,,x,,,,,,,,x,,,,
Ohio_Electric_Bill_sample,1,30,2,6,(29,,,x,,,,,,,,,,,,
Ohio_Electric_Bill_sample,1,30,2,7,days),RangeText,,,,,,,,,,,,,,
Ohio_Electric_Bill_sample,1,31,1,1,$104.67 ,,,x,,,,,,,,,x,,,
Ohio_Electric_Bill_sample,1,31,2,1,Current,PriceText,,,,,,,,,,,,,,
Ohio_Electric_Bill_sample,1,31,2,2,Charges,PriceText,,,,,,,,,,,,,,
Ohio_Electric_Bill_sample,1,32,1,1,kWh,IntUsageText,,,,,,,,,,,,,,
Ohio_Electric_Bill_sample,1,32,2,1,747,,,x,,,,,,,,,,,x,
Ohio_Electric_Bill_sample,1,33,1,1,Bill,DateText,,,,,,,,,,,,,,
Ohio_Electric_Bill_sample,1,33,1,2,mailing,DateText,,,,,,,,,,,,,,
Ohio_Electric_Bill_sample,1,33,1,3,date,DateText,,,,,,,,,,,,,,
Ohio_Electric_Bill_sample,1,33,1,4,is,DateText,,,,,,,,,,,,,,
Ohio_Electric_Bill_sample,1,33,1,5,May,,,x,,,,,,,,x,,,,
Ohio_Electric_Bill_sample,1,33,1,6,"17,",,,x,,,,,,,,x,,,,
Ohio_Electric_Bill_sample,1,33,1,7,2018,,,x,,,,,,,,x,,,,
Ohio_Electric_Bill_sample,1,33,2,1,Account,AccountNumberText,,,,,,,,,,,,,,
Ohio_Electric_Bill_sample,1,33,2,2,#123-456-789-0-1,,,x,,,,,,,,,,x,,
Ohio_Electric_Bill_sample,1,34,1,1,Amount,DateText,,,,,,,,,,,,,,
Ohio_Electric_Bill_sample,1,34,1,2,due,DateText,,,,,,,,,,,,,,
Ohio_Electric_Bill_sample,1,34,1,3,on,DateText,,,,,,,,,,,,,,
Ohio_Electric_Bill_sample,1,34,1,4,or,DateText,,,,,,,,,,,,,,
Ohio_Electric_Bill_sample,1,34,1,5,before,DateText,,,,,,,,,,,,,,
Ohio_Electric_Bill_sample,1,34,2,1,June,,,x,,,,,,,,x,,,,
Ohio_Electric_Bill_sample,1,34,2,2,"4,",,,x,,,,,,,,x,,,,
Ohio_Electric_Bill_sample,1,34,2,3,2018,,,x,,,,,,,,x,,,,
Ohio_Electric_Bill_sample,1,34,2,4,$104.67 ,,,x,,,,,,,,,x,,,
Ohio_Electric_Bill_sample,1,35,1,1,SERVICE,AddressText,,,,,,,,,,,,,,
Ohio_Electric_Bill_sample,1,35,1,2,ADDRESS:,AddressText,,,,,,,,,,,,,,
Ohio_Electric_Bill_sample,1,35,1,3,JANE,,,x,x,,,,,,,,,,,
Ohio_Electric_Bill_sample,1,35,1,4,"SMITH,",,,x,,x,,,,,,,,,,
Ohio_Electric_Bill_sample,1,35,1,5,123,,,x,,,x,,,,,,,,,
Ohio_Electric_Bill_sample,1,35,1,6,MAIN,,,x,,,,x,,,,,,,,
Ohio_Electric_Bill_sample,1,35,1,7,"ST,",,,x,,,,x,,,,,,,,
Ohio_Electric_Bill_sample,1,35,1,8,ANY,,,x,,,,,x,,,,,,,
Ohio_Electric_Bill_sample,1,35,1,9,"CITY,",,,x,,,,,x,,,,,,,
Ohio_Electric_Bill_sample,1,35,1,10,OH,,,x,,,,,,x,,,,,,
Ohio_Electric_Bill_sample,1,35,1,11,43999-9999,,,x,,,,,,,x,,,,,
Ohio_Electric_Bill_sample,1,36,1,1,Send,GeneralText,,,,,,,,,,,,,,
Ohio_Electric_Bill_sample,1,36,1,2,Inquiries,GeneralText,,,,,,,,,,,,,,
Ohio_Electric_Bill_sample,1,36,1,3,To:,GeneralText,,,,,,,,,,,,,,
Ohio_Electric_Bill_sample,1,36,2,1,PO,GeneralText,,,,,,,,,,,,,,
Ohio_Electric_Bill_sample,1,36,2,2,BOX,GeneralText,,,,,,,,,,,,,,
Ohio_Electric_Bill_sample,1,36,2,3,24401,GeneralText,,,,,,,,,,,,,,
Ohio_Electric_Bill_sample,1,36,3,1,"CANTON,",GeneralText,,,,,,,,,,,,,,
Ohio_Electric_Bill_sample,1,36,3,2,OH,GeneralText,,,,,,,,,,,,,,
Ohio_Electric_Bill_sample,1,36,3,3,44701-4401,GeneralText,,,,,,,,,,,,,,
Ohio_Electric_Bill_sample,1,37,1,1,Make,GeneralText,,,,,,,,,,,,,,
Ohio_Electric_Bill_sample,1,37,1,2,check,GeneralText,,,,,,,,,,,,,,
Ohio_Electric_Bill_sample,1,37,1,3,payable,GeneralText,,,,,,,,,,,,,,
Ohio_Electric_Bill_sample,1,37,1,4,and,GeneralText,,,,,,,,,,,,,,
Ohio_Electric_Bill_sample,1,37,1,5,send,GeneralText,,,,,,,,,,,,,,
Ohio_Electric_Bill_sample,1,37,1,6,to:,GeneralText,,,,,,,,,,,,,,
Ohio_Electric_Bill_sample,1,37,2,1,AMERICAN,GeneralText,,,,,,,,,,,,,,
Ohio_Electric_Bill_sample,1,37,2,2,ELECTRIC,GeneralText,,,,,,,,,,,,,,
Ohio_Electric_Bill_sample,1,37,2,3,POWER,GeneralText,,,,,,,,,,,,,,
Ohio_Electric_Bill_sample,1,37,3,1,PO,GeneralText,,,,,,,,,,,,,,
Ohio_Electric_Bill_sample,1,37,3,2,BOX,GeneralText,,,,,,,,,,,,,,
Ohio_Electric_Bill_sample,1,37,3,3,24417,GeneralText,,,,,,,,,,,,,,
Ohio_Electric_Bill_sample,1,37,4,1,CANTON,GeneralText,,,,,,,,,,,,,,
Ohio_Electric_Bill_sample,1,37,4,2,OH,GeneralText,,,,,,,,,,,,,,
Ohio_Electric_Bill_sample,1,37,4,3,44701-4417,GeneralText,,,,,,,,,,,,,,
Ohio_Electric_Bill_sample,1,38,1,1,1.05E+25,GeneralText,,,,,,,,,,,,,,
Ohio_Electric_Bill_sample,1,39,1,1,Thank,GeneralText,,,,,,,,,,,,,,
Ohio_Electric_Bill_sample,1,39,1,2,you,GeneralText,,,,,,,,,,,,,,
Ohio_Electric_Bill_sample,1,39,1,3,for,GeneralText,,,,,,,,,,,,,,
Ohio_Electric_Bill_sample,1,39,1,4,your,GeneralText,,,,,,,,,,,,,,
Ohio_Electric_Bill_sample,1,39,1,5,prompt,GeneralText,,,,,,,,,,,,,,
Ohio_Electric_Bill_sample,1,39,1,6,payment.,GeneralText,,,,,,,,,,,,,,
Ohio_Electric_Bill_sample,1,39,1,7,Please,AccountNumberText,,,,,,,,,,,,,,
Ohio_Electric_Bill_sample,1,39,1,8,include,AccountNumberText,,,,,,,,,,,,,,
Ohio_Electric_Bill_sample,1,39,1,9,your,AccountNumberText,,,,,,,,,,,,,,
Ohio_Electric_Bill_sample,1,39,1,10,account,AccountNumberText,,,,,,,,,,,,,,
Ohio_Electric_Bill_sample,1,39,1,11,number,AccountNumberText,,,,,,,,,,,,,,
Ohio_Electric_Bill_sample,1,39,1,12,on,AccountNumberText,,,,,,,,,,,,,,
Ohio_Electric_Bill_sample,1,39,1,13,your,AccountNumberText,,,,,,,,,,,,,,
Ohio_Electric_Bill_sample,1,39,1,14,check,AccountNumberText,,,,,,,,,,,,,,
Ohio_Electric_Bill_sample,1,39,1,15,and,AccountNumberText,,,,,,,,,,,,,,
Ohio_Electric_Bill_sample,1,39,1,16,return,AccountNumberText,,,,,,,,,,,,,,
Ohio_Electric_Bill_sample,1,39,1,17,this,AccountNumberText,,,,,,,,,,,,,,
Ohio_Electric_Bill_sample,1,39,1,18,stub,AccountNumberText,,,,,,,,,,,,,,
Ohio_Electric_Bill_sample,1,39,1,19,with,AccountNumberText,,,,,,,,,,,,,,
Ohio_Electric_Bill_sample,1,39,1,20,your,AccountNumberText,,,,,,,,,,,,,,
Ohio_Electric_Bill_sample,1,39,1,21,payment.,AccountNumberText,,,,,,,,,,,,,,
Ohio_Electric_Bill_sample,1,39,2,1,JANE,,,x,x,,,,,,,,,,,
Ohio_Electric_Bill_sample,1,39,2,2,"SMITH,",,,x,,x,,,,,,,,,,
Ohio_Electric_Bill_sample,1,39,2,3,123,,,x,,,x,,,,,,,,,
Ohio_Electric_Bill_sample,1,39,2,4,MAIN,,,x,,,,x,,,,,,,,
Ohio_Electric_Bill_sample,1,39,2,5,"ST,",,,x,,,,x,,,,,,,,
Ohio_Electric_Bill_sample,1,39,2,6,ANY,,,x,,,,,x,,,,,,,
Ohio_Electric_Bill_sample,1,39,2,7,"CITY,",,,x,,,,,x,,,,,,,
Ohio_Electric_Bill_sample,1,39,2,8,OH,,,x,,,,,x,,,,,,,
Ohio_Electric_Bill_sample,1,39,2,9,43999-9999,,,x,,,,,,,x,,,,,
Ohio_Electric_Bill_sample,1,40,1,1,10467,GeneralText,,,,,,,,,,,,,,
Ohio_Electric_Bill_sample,1,41,1,1,Account,AccountNumberText,,,,,,,,,,,,,,
Ohio_Electric_Bill_sample,1,41,1,2,#123-456-789-0-1,,,x,,,,,,,,,,x,,
Ohio_Electric_Bill_sample,1,41,2,1,JANE,,,x,x,,,,,,,,,,,
Ohio_Electric_Bill_sample,1,41,2,2,SMITH,,,x,,x,,,,,,,,,,
Ohio_Electric_Bill_sample,1,42,1,1,Amount,DateText,,,,,,,,,,,,,,
Ohio_Electric_Bill_sample,1,42,1,2,due,DateText,,,,,,,,,,,,,,
Ohio_Electric_Bill_sample,1,42,1,3,on,DateText,,,,,,,,,,,,,,
Ohio_Electric_Bill_sample,1,42,1,4,or,DateText,,,,,,,,,,,,,,
Ohio_Electric_Bill_sample,1,42,1,5,before,DateText,,,,,,,,,,,,,,
Ohio_Electric_Bill_sample,1,42,2,1,June,,,x,,,,,,,,x,,,,
Ohio_Electric_Bill_sample,1,42,2,2,"4,",,,x,,,,,,,,x,,,,
Ohio_Electric_Bill_sample,1,42,2,3,2018,,,x,,,,,,,,x,,,,
Ohio_Electric_Bill_sample,1,42,2,4,$104.67 ,,,x,,,,,,,,,x,,,
Ohio_Electric_Bill_sample,1,43,1,1,The,GeneralText,,,,,,,,,,,,,,
Ohio_Electric_Bill_sample,1,43,1,2,Neighbor,GeneralText,,,,,,,,,,,,,,
Ohio_Electric_Bill_sample,1,43,1,3,to,GeneralText,,,,,,,,,,,,,,
Ohio_Electric_Bill_sample,1,43,1,4,Neighbor,GeneralText,,,,,,,,,,,,,,
Ohio_Electric_Bill_sample,1,43,1,5,program,GeneralText,,,,,,,,,,,,,,
Ohio_Electric_Bill_sample,1,43,2,1,helps,GeneralText,,,,,,,,,,,,,,
Ohio_Electric_Bill_sample,1,43,2,2,disadvantaged,GeneralText,,,,,,,,,,,,,,
Ohio_Electric_Bill_sample,1,43,2,3,customers,GeneralText,,,,,,,,,,,,,,
Ohio_Electric_Bill_sample,1,43,2,4,pay,GeneralText,,,,,,,,,,,,,,
Ohio_Electric_Bill_sample,1,43,3,1,their,GeneralText,,,,,,,,,,,,,,
Ohio_Electric_Bill_sample,1,43,3,2,electric,GeneralText,,,,,,,,,,,,,,
Ohio_Electric_Bill_sample,1,43,3,3,bill.,GeneralText,,,,,,,,,,,,,,
Ohio_Electric_Bill_sample,1,43,3,4,I,GeneralText,,,,,,,,,,,,,,
Ohio_Electric_Bill_sample,1,43,3,5,want,GeneralText,,,,,,,,,,,,,,
Ohio_Electric_Bill_sample,1,43,3,6,to,GeneralText,,,,,,,,,,,,,,
Ohio_Electric_Bill_sample,1,43,3,7,help.,GeneralText,,,,,,,,,,,,,,
Ohio_Electric_Bill_sample,1,43,3,8,My,GeneralText,,,,,,,,,,,,,,
Ohio_Electric_Bill_sample,1,43,4,1,payment,GeneralText,,,,,,,,,,,,,,
Ohio_Electric_Bill_sample,1,43,4,2,reflects,GeneralText,,,,,,,,,,,,,,
Ohio_Electric_Bill_sample,1,43,4,3,my,GeneralText,,,,,,,,,,,,,,
Ohio_Electric_Bill_sample,1,43,4,4,gift,GeneralText,,,,,,,,,,,,,,
Ohio_Electric_Bill_sample,1,43,4,5,of,GeneralText,,,,,,,,,,,,,,
Ohio_Electric_Bill_sample,1,43,5,1,$________,GeneralText,,,,,,,,,,,,,,
Ohio_Electric_Bill_sample,1,44,1,1,Payment,GeneralText,,,,,,,,,,,,,,
Ohio_Electric_Bill_sample,1,44,1,2,Amount,GeneralText,,,,,,,,,,,,,,
Ohio_Electric_Bill_sample,1,44,1,3,$,GeneralText,,,,,,,,,,,,,,
Ohio_Electric_Bill_sample,1,45,1,1,Thank,GeneralText,,,,,,,,,,,,,,
Ohio_Electric_Bill_sample,1,45,1,2,you,GeneralText,,,,,,,,,,,,,,
Ohio_Electric_Bill_sample,1,45,1,3,for,GeneralText,,,,,,,,,,,,,,
Ohio_Electric_Bill_sample,1,45,1,4,being,GeneralText,,,,,,,,,,,,,,
Ohio_Electric_Bill_sample,1,45,1,5,a,GeneralText,,,,,,,,,,,,,,
Ohio_Electric_Bill_sample,1,45,1,6,paperless,GeneralText,,,,,,,,,,,,,,
Ohio_Electric_Bill_sample,1,45,1,7,customer!,GeneralText,,,,,,,,,,,,,,
Ohio_Electric_Bill_sample,1,45,1,8,Sign,GeneralText,,,,,,,,,,,,,,
Ohio_Electric_Bill_sample,1,45,1,9,up,GeneralText,,,,,,,,,,,,,,
Ohio_Electric_Bill_sample,1,45,1,10,for,GeneralText,,,,,,,,,,,,,,
Ohio_Electric_Bill_sample,1,45,1,11,billing,GeneralText,,,,,,,,,,,,,,
Ohio_Electric_Bill_sample,1,45,1,12,and,GeneralText,,,,,,,,,,,,,,
Ohio_Electric_Bill_sample,1,45,2,1,outage,GeneralText,,,,,,,,,,,,,,
Ohio_Electric_Bill_sample,1,45,2,2,alerts,GeneralText,,,,,,,,,,,,,,
Ohio_Electric_Bill_sample,1,45,2,3,to,GeneralText,,,,,,,,,,,,,,
Ohio_Electric_Bill_sample,1,45,2,4,stay,GeneralText,,,,,,,,,,,,,,
Ohio_Electric_Bill_sample,1,45,2,5,informed.,GeneralText,,,,,,,,,,,,,,
Ohio_Electric_Bill_sample,1,45,2,6,You,GeneralText,,,,,,,,,,,,,,
Ohio_Electric_Bill_sample,1,45,2,7,can,GeneralText,,,,,,,,,,,,,,
Ohio_Electric_Bill_sample,1,45,2,8,manage,GeneralText,,,,,,,,,,,,,,
Ohio_Electric_Bill_sample,1,45,2,9,your,GeneralText,,,,,,,,,,,,,,
Ohio_Electric_Bill_sample,1,45,2,10,account,GeneralText,,,,,,,,,,,,,,
Ohio_Electric_Bill_sample,1,45,2,11,by,GeneralText,,,,,,,,,,,,,,
Ohio_Electric_Bill_sample,1,45,3,1,logging,GeneralText,,,,,,,,,,,,,,
Ohio_Electric_Bill_sample,1,45,3,2,in,GeneralText,,,,,,,,,,,,,,
Ohio_Electric_Bill_sample,1,45,3,3,at,GeneralText,,,,,,,,,,,,,,
Ohio_Electric_Bill_sample,1,45,3,4,aepohio.com.,GeneralText,,,,,,,,,,,,,,
Ohio_Electric_Bill_sample,2,1,1,1,Important,GeneralText,,,,,,,,,,,,,,
Ohio_Electric_Bill_sample,2,1,1,2,Message,GeneralText,,,,,,,,,,,,,,
Ohio_Electric_Bill_sample,2,2,1,1,Bills,GeneralText,,,,,,,,,,,,,,
Ohio_Electric_Bill_sample,2,2,1,2,may,GeneralText,,,,,,,,,,,,,,
Ohio_Electric_Bill_sample,2,2,1,3,be,GeneralText,,,,,,,,,,,,,,
Ohio_Electric_Bill_sample,2,2,1,4,paid,GeneralText,,,,,,,,,,,,,,
Ohio_Electric_Bill_sample,2,2,1,5,by,GeneralText,,,,,,,,,,,,,,
Ohio_Electric_Bill_sample,2,2,1,6,mail,GeneralText,,,,,,,,,,,,,,
Ohio_Electric_Bill_sample,2,2,1,7,or,GeneralText,,,,,,,,,,,,,,
Ohio_Electric_Bill_sample,2,2,1,8,to,GeneralText,,,,,,,,,,,,,,
Ohio_Electric_Bill_sample,2,2,1,9,an,GeneralText,,,,,,,,,,,,,,
Ohio_Electric_Bill_sample,2,2,1,10,authorized,GeneralText,,,,,,,,,,,,,,
Ohio_Electric_Bill_sample,2,2,1,11,agent.,GeneralText,,,,,,,,,,,,,,
Ohio_Electric_Bill_sample,2,2,1,12,Payment,GeneralText,,,,,,,,,,,,,,
Ohio_Electric_Bill_sample,2,2,1,13,to,GeneralText,,,,,,,,,,,,,,
Ohio_Electric_Bill_sample,2,2,1,14,others,GeneralText,,,,,,,,,,,,,,
Ohio_Electric_Bill_sample,2,2,1,15,is,GeneralText,,,,,,,,,,,,,,
Ohio_Electric_Bill_sample,2,2,1,16,at,GeneralText,,,,,,,,,,,,,,
Ohio_Electric_Bill_sample,2,2,1,17,your,GeneralText,,,,,,,,,,,,,,
Ohio_Electric_Bill_sample,2,2,1,18,own,GeneralText,,,,,,,,,,,,,,
Ohio_Electric_Bill_sample,2,2,1,19,risk.,GeneralText,,,,,,,,,,,,,,
Ohio_Electric_Bill_sample,2,2,1,20,For,GeneralText,,,,,,,,,,,,,,
Ohio_Electric_Bill_sample,2,2,1,21,names,GeneralText,,,,,,,,,,,,,,
Ohio_Electric_Bill_sample,2,2,1,22,and,GeneralText,,,,,,,,,,,,,,
Ohio_Electric_Bill_sample,2,2,1,23,locations,GeneralText,,,,,,,,,,,,,,
Ohio_Electric_Bill_sample,2,2,1,24,of,GeneralText,,,,,,,,,,,,,,
Ohio_Electric_Bill_sample,2,2,1,25,authorized,GeneralText,,,,,,,,,,,,,,
Ohio_Electric_Bill_sample,2,2,1,26,"agents,",GeneralText,,,,,,,,,,,,,,
Ohio_Electric_Bill_sample,2,2,1,27,please,GeneralText,,,,,,,,,,,,,,
Ohio_Electric_Bill_sample,2,2,2,1,call,GeneralText,,,,,,,,,,,,,,
Ohio_Electric_Bill_sample,2,2,2,2,us,GeneralText,,,,,,,,,,,,,,
Ohio_Electric_Bill_sample,2,2,2,3,toll,GeneralText,,,,,,,,,,,,,,
Ohio_Electric_Bill_sample,2,2,2,4,free,GeneralText,,,,,,,,,,,,,,
Ohio_Electric_Bill_sample,2,2,2,5,at,GeneralText,,,,,,,,,,,,,,
Ohio_Electric_Bill_sample,2,2,2,6,1-800-807-6789.,GeneralText,,,,,,,,,,,,,,
Ohio_Electric_Bill_sample,2,2,2,7,Customers,GeneralText,,,,,,,,,,,,,,
Ohio_Electric_Bill_sample,2,2,2,8,who,GeneralText,,,,,,,,,,,,,,
Ohio_Electric_Bill_sample,2,2,2,9,are,GeneralText,,,,,,,,,,,,,,
Ohio_Electric_Bill_sample,2,2,2,10,hearing,GeneralText,,,,,,,,,,,,,,
Ohio_Electric_Bill_sample,2,2,2,11,impaired,GeneralText,,,,,,,,,,,,,,
Ohio_Electric_Bill_sample,2,2,2,12,may,GeneralText,,,,,,,,,,,,,,
Ohio_Electric_Bill_sample,2,2,2,13,call,GeneralText,,,,,,,,,,,,,,
Ohio_Electric_Bill_sample,2,2,2,14,1-800-617-1234,GeneralText,,,,,,,,,,,,,,
Ohio_Electric_Bill_sample,2,2,2,15,(TDD/TTY).,GeneralText,,,,,,,,,,,,,,
Ohio_Electric_Bill_sample,2,3,1,1,We,GeneralText,,,,,,,,,,,,,,
Ohio_Electric_Bill_sample,2,3,1,2,offer,GeneralText,,,,,,,,,,,,,,
Ohio_Electric_Bill_sample,2,3,1,3,several,GeneralText,,,,,,,,,,,,,,
Ohio_Electric_Bill_sample,2,3,1,4,ways,GeneralText,,,,,,,,,,,,,,
Ohio_Electric_Bill_sample,2,3,1,5,for,GeneralText,,,,,,,,,,,,,,
Ohio_Electric_Bill_sample,2,3,1,6,you,GeneralText,,,,,,,,,,,,,,
Ohio_Electric_Bill_sample,2,3,1,7,to,GeneralText,,,,,,,,,,,,,,
Ohio_Electric_Bill_sample,2,3,1,8,pay,GeneralText,,,,,,,,,,,,,,
Ohio_Electric_Bill_sample,2,3,1,9,your,GeneralText,,,,,,,,,,,,,,
Ohio_Electric_Bill_sample,2,3,1,10,bill.,GeneralText,,,,,,,,,,,,,,
Ohio_Electric_Bill_sample,2,3,1,11,In,GeneralText,,,,,,,,,,,,,,
Ohio_Electric_Bill_sample,2,3,1,12,addition,GeneralText,,,,,,,,,,,,,,
Ohio_Electric_Bill_sample,2,3,1,13,to,GeneralText,,,,,,,,,,,,,,
Ohio_Electric_Bill_sample,2,3,1,14,paying,GeneralText,,,,,,,,,,,,,,
Ohio_Electric_Bill_sample,2,3,1,15,in,GeneralText,,,,,,,,,,,,,,
Ohio_Electric_Bill_sample,2,3,1,16,person,GeneralText,,,,,,,,,,,,,,
Ohio_Electric_Bill_sample,2,3,1,17,or,GeneralText,,,,,,,,,,,,,,
Ohio_Electric_Bill_sample,2,3,1,18,by,GeneralText,,,,,,,,,,,,,,
Ohio_Electric_Bill_sample,2,3,1,19,"mail,",GeneralText,,,,,,,,,,,,,,
Ohio_Electric_Bill_sample,2,3,1,20,you,GeneralText,,,,,,,,,,,,,,
Ohio_Electric_Bill_sample,2,3,1,21,may,GeneralText,,,,,,,,,,,,,,
Ohio_Electric_Bill_sample,2,3,1,22,receive,GeneralText,,,,,,,,,,,,,,
Ohio_Electric_Bill_sample,2,3,1,23,and,GeneralText,,,,,,,,,,,,,,
Ohio_Electric_Bill_sample,2,3,1,24,pay,GeneralText,,,,,,,,,,,,,,
Ohio_Electric_Bill_sample,2,3,1,25,your,GeneralText,,,,,,,,,,,,,,
Ohio_Electric_Bill_sample,2,3,1,26,bill,GeneralText,,,,,,,,,,,,,,
Ohio_Electric_Bill_sample,2,3,1,27,electronically,GeneralText,,,,,,,,,,,,,,
Ohio_Electric_Bill_sample,2,3,1,28,(e-Bill),GeneralText,,,,,,,,,,,,,,
Ohio_Electric_Bill_sample,2,3,2,1,or,GeneralText,,,,,,,,,,,,,,
Ohio_Electric_Bill_sample,2,3,2,2,have,GeneralText,,,,,,,,,,,,,,
Ohio_Electric_Bill_sample,2,3,2,3,your,GeneralText,,,,,,,,,,,,,,
Ohio_Electric_Bill_sample,2,3,2,4,payments,GeneralText,,,,,,,,,,,,,,
Ohio_Electric_Bill_sample,2,3,2,5,deducted,GeneralText,,,,,,,,,,,,,,
Ohio_Electric_Bill_sample,2,3,2,6,automatically,GeneralText,,,,,,,,,,,,,,
Ohio_Electric_Bill_sample,2,3,2,7,from,GeneralText,,,,,,,,,,,,,,
Ohio_Electric_Bill_sample,2,3,2,8,your,GeneralText,,,,,,,,,,,,,,
Ohio_Electric_Bill_sample,2,3,2,9,checking,GeneralText,,,,,,,,,,,,,,
Ohio_Electric_Bill_sample,2,3,2,10,or,GeneralText,,,,,,,,,,,,,,
Ohio_Electric_Bill_sample,2,3,2,11,savings,GeneralText,,,,,,,,,,,,,,
Ohio_Electric_Bill_sample,2,3,2,12,account.,GeneralText,,,,,,,,,,,,,,
Ohio_Electric_Bill_sample,2,4,1,1,Definitions:,GeneralText,,,,,,,,,,,,,,
Ohio_Electric_Bill_sample,2,5,1,1,Electronic,GeneralText,,,,,,,,,,,,,,
Ohio_Electric_Bill_sample,2,5,1,2,Check,GeneralText,,,,,,,,,,,,,,
Ohio_Electric_Bill_sample,2,5,1,3,Conversion,GeneralText,,,,,,,,,,,,,,
Ohio_Electric_Bill_sample,2,5,1,4,–,GeneralText,,,,,,,,,,,,,,
Ohio_Electric_Bill_sample,2,5,1,5,if,GeneralText,,,,,,,,,,,,,,
Ohio_Electric_Bill_sample,2,5,1,6,you,GeneralText,,,,,,,,,,,,,,
Ohio_Electric_Bill_sample,2,5,1,7,pay,GeneralText,,,,,,,,,,,,,,
Ohio_Electric_Bill_sample,2,5,1,8,by,GeneralText,,,,,,,,,,,,,,
Ohio_Electric_Bill_sample,2,5,1,9,"check,",GeneralText,,,,,,,,,,,,,,
Ohio_Electric_Bill_sample,2,5,1,10,you,GeneralText,,,,,,,,,,,,,,
Ohio_Electric_Bill_sample,2,5,1,11,authorize,GeneralText,,,,,,,,,,,,,,
Ohio_Electric_Bill_sample,2,5,1,12,us,GeneralText,,,,,,,,,,,,,,
Ohio_Electric_Bill_sample,2,5,1,13,to,GeneralText,,,,,,,,,,,,,,
Ohio_Electric_Bill_sample,2,5,1,14,convert,GeneralText,,,,,,,,,,,,,,
Ohio_Electric_Bill_sample,2,5,1,15,your,GeneralText,,,,,,,,,,,,,,
Ohio_Electric_Bill_sample,2,5,1,16,paper,GeneralText,,,,,,,,,,,,,,
Ohio_Electric_Bill_sample,2,5,1,17,check,GeneralText,,,,,,,,,,,,,,
Ohio_Electric_Bill_sample,2,5,1,18,into,GeneralText,,,,,,,,,,,,,,
Ohio_Electric_Bill_sample,2,5,1,19,an,GeneralText,,,,,,,,,,,,,,
Ohio_Electric_Bill_sample,2,5,1,20,electronic,GeneralText,,,,,,,,,,,,,,
Ohio_Electric_Bill_sample,2,5,1,21,debit.,GeneralText,,,,,,,,,,,,,,
Ohio_Electric_Bill_sample,2,6,1,1,If,GeneralText,,,,,,,,,,,,,,
Ohio_Electric_Bill_sample,2,6,1,2,you,GeneralText,,,,,,,,,,,,,,
Ohio_Electric_Bill_sample,2,6,1,3,have,GeneralText,,,,,,,,,,,,,,
Ohio_Electric_Bill_sample,2,6,1,4,"questions,",GeneralText,,,,,,,,,,,,,,
Ohio_Electric_Bill_sample,2,6,1,5,please,GeneralText,,,,,,,,,,,,,,
Ohio_Electric_Bill_sample,2,6,1,6,call,GeneralText,,,,,,,,,,,,,,
Ohio_Electric_Bill_sample,2,6,1,7,AEP,GeneralText,,,,,,,,,,,,,,
Ohio_Electric_Bill_sample,2,6,1,8,Ohio,GeneralText,,,,,,,,,,,,,,
Ohio_Electric_Bill_sample,2,6,1,9,at,GeneralText,,,,,,,,,,,,,,
Ohio_Electric_Bill_sample,2,6,1,10,1-800-672-2231,GeneralText,,,,,,,,,,,,,,
Ohio_Electric_Bill_sample,2,6,1,11,or,GeneralText,,,,,,,,,,,,,,
Ohio_Electric_Bill_sample,2,6,1,12,visit,GeneralText,,,,,,,,,,,,,,
Ohio_Electric_Bill_sample,2,6,1,13,us,GeneralText,,,,,,,,,,,,,,
Ohio_Electric_Bill_sample,2,6,1,14,at,GeneralText,,,,,,,,,,,,,,
Ohio_Electric_Bill_sample,2,6,1,15,www.AEPOhio.com.,GeneralText,,,,,,,,,,,,,,
Ohio_Electric_Bill_sample,2,7,1,1,Actual:,GeneralText,,,,,,,,,,,,,,
Ohio_Electric_Bill_sample,2,7,1,2,Reflects,GeneralText,,,,,,,,,,,,,,
Ohio_Electric_Bill_sample,2,7,1,3,that,GeneralText,,,,,,,,,,,,,,
Ohio_Electric_Bill_sample,2,7,1,4,a,GeneralText,,,,,,,,,,,,,,
Ohio_Electric_Bill_sample,2,7,1,5,reading,GeneralText,,,,,,,,,,,,,,
Ohio_Electric_Bill_sample,2,7,1,6,was,GeneralText,,,,,,,,,,,,,,
Ohio_Electric_Bill_sample,2,7,1,7,taken,GeneralText,,,,,,,,,,,,,,
Ohio_Electric_Bill_sample,2,7,1,8,from,GeneralText,,,,,,,,,,,,,,
Ohio_Electric_Bill_sample,2,7,1,9,your,GeneralText,,,,,,,,,,,,,,
Ohio_Electric_Bill_sample,2,7,1,10,meter.,GeneralText,,,,,,,,,,,,,,
Ohio_Electric_Bill_sample,2,8,1,1,Estimate:,GeneralText,,,,,,,,,,,,,,
Ohio_Electric_Bill_sample,2,8,1,2,Reflects,GeneralText,,,,,,,,,,,,,,
Ohio_Electric_Bill_sample,2,8,1,3,that,GeneralText,,,,,,,,,,,,,,
Ohio_Electric_Bill_sample,2,8,1,4,we,GeneralText,,,,,,,,,,,,,,
Ohio_Electric_Bill_sample,2,8,1,5,were,GeneralText,,,,,,,,,,,,,,
Ohio_Electric_Bill_sample,2,8,1,6,unable,GeneralText,,,,,,,,,,,,,,
Ohio_Electric_Bill_sample,2,8,1,7,to,GeneralText,,,,,,,,,,,,,,
Ohio_Electric_Bill_sample,2,8,1,8,read,GeneralText,,,,,,,,,,,,,,
Ohio_Electric_Bill_sample,2,8,1,9,your,GeneralText,,,,,,,,,,,,,,
Ohio_Electric_Bill_sample,2,8,1,10,meter,GeneralText,,,,,,,,,,,,,,
Ohio_Electric_Bill_sample,2,8,1,11,this,GeneralText,,,,,,,,,,,,,,
Ohio_Electric_Bill_sample,2,8,1,12,month.,GeneralText,,,,,,,,,,,,,,
Ohio_Electric_Bill_sample,2,8,2,1,We,GeneralText,,,,,,,,,,,,,,
Ohio_Electric_Bill_sample,2,8,2,2,calculated,GeneralText,,,,,,,,,,,,,,
Ohio_Electric_Bill_sample,2,8,2,3,your,GeneralText,,,,,,,,,,,,,,
Ohio_Electric_Bill_sample,2,8,2,4,bill,GeneralText,,,,,,,,,,,,,,
Ohio_Electric_Bill_sample,2,8,2,5,based,GeneralText,,,,,,,,,,,,,,
Ohio_Electric_Bill_sample,2,8,2,6,on,GeneralText,,,,,,,,,,,,,,
Ohio_Electric_Bill_sample,2,8,2,7,prior,GeneralText,,,,,,,,,,,,,,
Ohio_Electric_Bill_sample,2,8,2,8,usage,GeneralText,,,,,,,,,,,,,,
Ohio_Electric_Bill_sample,2,8,2,9,and,GeneralText,,,,,,,,,,,,,,
Ohio_Electric_Bill_sample,2,8,2,10,seasonal,GeneralText,,,,,,,,,,,,,,
Ohio_Electric_Bill_sample,2,8,2,11,variations.,GeneralText,,,,,,,,,,,,,,
Ohio_Electric_Bill_sample,2,8,3,1,You,GeneralText,,,,,,,,,,,,,,
Ohio_Electric_Bill_sample,2,8,3,2,can,GeneralText,,,,,,,,,,,,,,
Ohio_Electric_Bill_sample,2,8,3,3,choose,GeneralText,,,,,,,,,,,,,,
Ohio_Electric_Bill_sample,2,8,3,4,to,GeneralText,,,,,,,,,,,,,,
Ohio_Electric_Bill_sample,2,8,3,5,call,GeneralText,,,,,,,,,,,,,,
Ohio_Electric_Bill_sample,2,8,3,6,us,GeneralText,,,,,,,,,,,,,,
Ohio_Electric_Bill_sample,2,8,3,7,with,GeneralText,,,,,,,,,,,,,,
Ohio_Electric_Bill_sample,2,8,3,8,an,GeneralText,,,,,,,,,,,,,,
Ohio_Electric_Bill_sample,2,8,3,9,actual,GeneralText,,,,,,,,,,,,,,
Ohio_Electric_Bill_sample,2,8,3,10,meter,GeneralText,,,,,,,,,,,,,,
Ohio_Electric_Bill_sample,2,8,3,11,read,GeneralText,,,,,,,,,,,,,,
Ohio_Electric_Bill_sample,2,8,3,12,at,GeneralText,,,,,,,,,,,,,,
Ohio_Electric_Bill_sample,2,8,3,13,1-888-237-8811.,GeneralText,,,,,,,,,,,,,,
Ohio_Electric_Bill_sample,2,9,1,1,Kilowatt-hour,GeneralText,,,,,,,,,,,,,,
Ohio_Electric_Bill_sample,2,9,1,2,(kWh):,GeneralText,,,,,,,,,,,,,,
Ohio_Electric_Bill_sample,2,9,1,3,The,GeneralText,,,,,,,,,,,,,,
Ohio_Electric_Bill_sample,2,9,1,4,unit,GeneralText,,,,,,,,,,,,,,
Ohio_Electric_Bill_sample,2,9,1,5,measure,GeneralText,,,,,,,,,,,,,,
Ohio_Electric_Bill_sample,2,9,1,6,for,GeneralText,,,,,,,,,,,,,,
Ohio_Electric_Bill_sample,2,9,1,7,the,GeneralText,,,,,,,,,,,,,,
Ohio_Electric_Bill_sample,2,9,1,8,electricity,GeneralText,,,,,,,,,,,,,,
Ohio_Electric_Bill_sample,2,9,1,9,you,GeneralText,,,,,,,,,,,,,,
Ohio_Electric_Bill_sample,2,9,1,10,use.,GeneralText,,,,,,,,,,,,,,
Ohio_Electric_Bill_sample,2,9,1,11,For,GeneralText,,,,,,,,,,,,,,
Ohio_Electric_Bill_sample,2,9,2,1,"example,",GeneralText,,,,,,,,,,,,,,
Ohio_Electric_Bill_sample,2,9,2,2,you,GeneralText,,,,,,,,,,,,,,
Ohio_Electric_Bill_sample,2,9,2,3,use,GeneralText,,,,,,,,,,,,,,
Ohio_Electric_Bill_sample,2,9,2,4,one,GeneralText,,,,,,,,,,,,,,
Ohio_Electric_Bill_sample,2,9,2,5,kWh,GeneralText,,,,,,,,,,,,,,
Ohio_Electric_Bill_sample,2,9,2,6,of,GeneralText,,,,,,,,,,,,,,
Ohio_Electric_Bill_sample,2,9,2,7,electricity,GeneralText,,,,,,,,,,,,,,
Ohio_Electric_Bill_sample,2,9,2,8,to,GeneralText,,,,,,,,,,,,,,
Ohio_Electric_Bill_sample,2,9,2,9,light,GeneralText,,,,,,,,,,,,,,
Ohio_Electric_Bill_sample,2,9,2,10,a,GeneralText,,,,,,,,,,,,,,
Ohio_Electric_Bill_sample,2,9,2,11,100-watt,GeneralText,,,,,,,,,,,,,,
Ohio_Electric_Bill_sample,2,9,2,12,light,GeneralText,,,,,,,,,,,,,,
Ohio_Electric_Bill_sample,2,9,2,13,bulb,GeneralText,,,,,,,,,,,,,,
Ohio_Electric_Bill_sample,2,9,3,1,for,GeneralText,,,,,,,,,,,,,,
Ohio_Electric_Bill_sample,2,9,3,2,10,GeneralText,,,,,,,,,,,,,,
Ohio_Electric_Bill_sample,2,9,3,3,hours.,GeneralText,,,,,,,,,,,,,,
Ohio_Electric_Bill_sample,2,10,1,1,Customer,GeneralText,,,,,,,,,,,,,,
Ohio_Electric_Bill_sample,2,10,1,2,Charge:,GeneralText,,,,,,,,,,,,,,
Ohio_Electric_Bill_sample,2,10,1,3,The,GeneralText,,,,,,,,,,,,,,
Ohio_Electric_Bill_sample,2,10,1,4,fixed,GeneralText,,,,,,,,,,,,,,
Ohio_Electric_Bill_sample,2,10,1,5,monthly,GeneralText,,,,,,,,,,,,,,
Ohio_Electric_Bill_sample,2,10,1,6,basic,GeneralText,,,,,,,,,,,,,,
Ohio_Electric_Bill_sample,2,10,1,7,distribution,GeneralText,,,,,,,,,,,,,,
Ohio_Electric_Bill_sample,2,10,1,8,charge,GeneralText,,,,,,,,,,,,,,
Ohio_Electric_Bill_sample,2,10,1,9,to,GeneralText,,,,,,,,,,,,,,
Ohio_Electric_Bill_sample,2,10,2,1,partially,GeneralText,,,,,,,,,,,,,,
Ohio_Electric_Bill_sample,2,10,2,2,cover,GeneralText,,,,,,,,,,,,,,
Ohio_Electric_Bill_sample,2,10,2,3,costs,GeneralText,,,,,,,,,,,,,,
Ohio_Electric_Bill_sample,2,10,2,4,for,GeneralText,,,,,,,,,,,,,,
Ohio_Electric_Bill_sample,2,10,2,5,"billing,",GeneralText,,,,,,,,,,,,,,
Ohio_Electric_Bill_sample,2,10,2,6,meter,GeneralText,,,,,,,,,,,,,,
Ohio_Electric_Bill_sample,2,10,2,7,"reading,",GeneralText,,,,,,,,,,,,,,
Ohio_Electric_Bill_sample,2,10,2,8,service,GeneralText,,,,,,,,,,,,,,
Ohio_Electric_Bill_sample,2,10,2,9,line,GeneralText,,,,,,,,,,,,,,
Ohio_Electric_Bill_sample,2,10,3,1,maintenance,GeneralText,,,,,,,,,,,,,,
Ohio_Electric_Bill_sample,2,10,3,2,and,GeneralText,,,,,,,,,,,,,,
Ohio_Electric_Bill_sample,2,10,3,3,equipment.,GeneralText,,,,,,,,,,,,,,
Ohio_Electric_Bill_sample,2,11,1,1,Late,GeneralText,,,,,,,,,,,,,,
Ohio_Electric_Bill_sample,2,11,1,2,Payment,GeneralText,,,,,,,,,,,,,,
Ohio_Electric_Bill_sample,2,11,1,3,Charge:,GeneralText,,,,,,,,,,,,,,
Ohio_Electric_Bill_sample,2,11,1,4,(If,GeneralText,,,,,,,,,,,,,,
Ohio_Electric_Bill_sample,2,11,1,5,applicable),GeneralText,,,,,,,,,,,,,,
Ohio_Electric_Bill_sample,2,11,1,6,A,GeneralText,,,,,,,,,,,,,,
Ohio_Electric_Bill_sample,2,11,1,7,late,GeneralText,,,,,,,,,,,,,,
Ohio_Electric_Bill_sample,2,11,1,8,charge,GeneralText,,,,,,,,,,,,,,
Ohio_Electric_Bill_sample,2,11,1,9,is,GeneralText,,,,,,,,,,,,,,
Ohio_Electric_Bill_sample,2,11,1,10,added,GeneralText,,,,,,,,,,,,,,
Ohio_Electric_Bill_sample,2,11,1,11,to,GeneralText,,,,,,,,,,,,,,
Ohio_Electric_Bill_sample,2,11,1,12,the,GeneralText,,,,,,,,,,,,,,
Ohio_Electric_Bill_sample,2,11,2,1,overdue,GeneralText,,,,,,,,,,,,,,
Ohio_Electric_Bill_sample,2,11,2,2,amount,GeneralText,,,,,,,,,,,,,,
Ohio_Electric_Bill_sample,2,11,2,3,of,GeneralText,,,,,,,,,,,,,,
Ohio_Electric_Bill_sample,2,11,2,4,the,GeneralText,,,,,,,,,,,,,,
Ohio_Electric_Bill_sample,2,11,2,5,regulated,GeneralText,,,,,,,,,,,,,,
Ohio_Electric_Bill_sample,2,11,2,6,portion,GeneralText,,,,,,,,,,,,,,
Ohio_Electric_Bill_sample,2,11,2,7,of,GeneralText,,,,,,,,,,,,,,
Ohio_Electric_Bill_sample,2,11,2,8,your,GeneralText,,,,,,,,,,,,,,
Ohio_Electric_Bill_sample,2,11,2,9,bill,GeneralText,,,,,,,,,,,,,,
Ohio_Electric_Bill_sample,2,11,2,10,if,GeneralText,,,,,,,,,,,,,,
Ohio_Electric_Bill_sample,2,11,2,11,you,GeneralText,,,,,,,,,,,,,,
Ohio_Electric_Bill_sample,2,11,2,12,do,GeneralText,,,,,,,,,,,,,,
Ohio_Electric_Bill_sample,2,11,2,13,not,GeneralText,,,,,,,,,,,,,,
Ohio_Electric_Bill_sample,2,11,2,14,pay,GeneralText,,,,,,,,,,,,,,
Ohio_Electric_Bill_sample,2,11,3,1,your,GeneralText,,,,,,,,,,,,,,
Ohio_Electric_Bill_sample,2,11,3,2,bill,GeneralText,,,,,,,,,,,,,,
Ohio_Electric_Bill_sample,2,11,3,3,by,GeneralText,,,,,,,,,,,,,,
Ohio_Electric_Bill_sample,2,11,3,4,the,GeneralText,,,,,,,,,,,,,,
Ohio_Electric_Bill_sample,2,11,3,5,due,GeneralText,,,,,,,,,,,,,,
Ohio_Electric_Bill_sample,2,11,3,6,date.,GeneralText,,,,,,,,,,,,,,
Ohio_Electric_Bill_sample,2,12,1,1,Standard,GeneralText,,,,,,,,,,,,,,
Ohio_Electric_Bill_sample,2,12,1,2,Service,GeneralText,,,,,,,,,,,,,,
Ohio_Electric_Bill_sample,2,12,1,3,Offer:,GeneralText,,,,,,,,,,,,,,
Ohio_Electric_Bill_sample,2,12,1,4,When,GeneralText,,,,,,,,,,,,,,
Ohio_Electric_Bill_sample,2,12,1,5,customers,GeneralText,,,,,,,,,,,,,,
Ohio_Electric_Bill_sample,2,12,1,6,purchase,GeneralText,,,,,,,,,,,,,,
Ohio_Electric_Bill_sample,2,12,1,7,generation,GeneralText,,,,,,,,,,,,,,
Ohio_Electric_Bill_sample,2,12,2,1,through,GeneralText,,,,,,,,,,,,,,
Ohio_Electric_Bill_sample,2,12,2,2,AEP,GeneralText,,,,,,,,,,,,,,
Ohio_Electric_Bill_sample,2,12,2,3,Ohio’s,GeneralText,,,,,,,,,,,,,,
Ohio_Electric_Bill_sample,2,12,2,4,auction,GeneralText,,,,,,,,,,,,,,
Ohio_Electric_Bill_sample,2,12,2,5,process,GeneralText,,,,,,,,,,,,,,
Ohio_Electric_Bill_sample,2,12,2,6,and,GeneralText,,,,,,,,,,,,,,
Ohio_Electric_Bill_sample,2,12,2,7,not,GeneralText,,,,,,,,,,,,,,
Ohio_Electric_Bill_sample,2,12,2,8,through,GeneralText,,,,,,,,,,,,,,
Ohio_Electric_Bill_sample,2,12,2,9,a,GeneralText,,,,,,,,,,,,,,
Ohio_Electric_Bill_sample,2,12,2,10,supplier.,GeneralText,,,,,,,,,,,,,,
Ohio_Electric_Bill_sample,2,13,1,1,Generation,GeneralText,,,,,,,,,,,,,,
Ohio_Electric_Bill_sample,2,13,1,2,Service,GeneralText,,,,,,,,,,,,,,
Ohio_Electric_Bill_sample,2,13,1,3,or,GeneralText,,,,,,,,,,,,,,
Ohio_Electric_Bill_sample,2,13,1,4,Supply:,GeneralText,,,,,,,,,,,,,,
Ohio_Electric_Bill_sample,2,13,1,5,Charges,GeneralText,,,,,,,,,,,,,,
Ohio_Electric_Bill_sample,2,13,1,6,associated,GeneralText,,,,,,,,,,,,,,
Ohio_Electric_Bill_sample,2,13,1,7,with,GeneralText,,,,,,,,,,,,,,
Ohio_Electric_Bill_sample,2,13,1,8,the,GeneralText,,,,,,,,,,,,,,
Ohio_Electric_Bill_sample,2,13,2,1,production,GeneralText,,,,,,,,,,,,,,
Ohio_Electric_Bill_sample,2,13,2,2,of,GeneralText,,,,,,,,,,,,,,
Ohio_Electric_Bill_sample,2,13,2,3,electricity.,GeneralText,,,,,,,,,,,,,,
Ohio_Electric_Bill_sample,2,14,1,1,Transmission,GeneralText,,,,,,,,,,,,,,
Ohio_Electric_Bill_sample,2,14,1,2,Service:,GeneralText,,,,,,,,,,,,,,
Ohio_Electric_Bill_sample,2,14,1,3,Charge,GeneralText,,,,,,,,,,,,,,
Ohio_Electric_Bill_sample,2,14,1,4,for,GeneralText,,,,,,,,,,,,,,
Ohio_Electric_Bill_sample,2,14,1,5,moving,GeneralText,,,,,,,,,,,,,,
Ohio_Electric_Bill_sample,2,14,1,6,high-voltage,GeneralText,,,,,,,,,,,,,,
Ohio_Electric_Bill_sample,2,14,1,7,electricity,GeneralText,,,,,,,,,,,,,,
Ohio_Electric_Bill_sample,2,14,1,8,from,GeneralText,,,,,,,,,,,,,,
Ohio_Electric_Bill_sample,2,14,2,1,a,GeneralText,,,,,,,,,,,,,,
Ohio_Electric_Bill_sample,2,14,2,2,generation,GeneralText,,,,,,,,,,,,,,
Ohio_Electric_Bill_sample,2,14,2,3,facility,GeneralText,,,,,,,,,,,,,,
Ohio_Electric_Bill_sample,2,14,2,4,to,GeneralText,,,,,,,,,,,,,,
Ohio_Electric_Bill_sample,2,14,2,5,the,GeneralText,,,,,,,,,,,,,,
Ohio_Electric_Bill_sample,2,14,2,6,distribution,GeneralText,,,,,,,,,,,,,,
Ohio_Electric_Bill_sample,2,14,2,7,station,GeneralText,,,,,,,,,,,,,,
Ohio_Electric_Bill_sample,2,14,2,8,of,GeneralText,,,,,,,,,,,,,,
Ohio_Electric_Bill_sample,2,14,2,9,the,GeneralText,,,,,,,,,,,,,,
Ohio_Electric_Bill_sample,2,14,2,10,local,GeneralText,,,,,,,,,,,,,,
Ohio_Electric_Bill_sample,2,14,2,11,electric,GeneralText,,,,,,,,,,,,,,
Ohio_Electric_Bill_sample,2,14,3,1,utility.,GeneralText,,,,,,,,,,,,,,
Ohio_Electric_Bill_sample,2,14,3,2,Transmission,GeneralText,,,,,,,,,,,,,,
Ohio_Electric_Bill_sample,2,14,3,3,charges,GeneralText,,,,,,,,,,,,,,
Ohio_Electric_Bill_sample,2,14,3,4,show,GeneralText,,,,,,,,,,,,,,
Ohio_Electric_Bill_sample,2,14,3,5,under,GeneralText,,,,,,,,,,,,,,
Ohio_Electric_Bill_sample,2,14,3,6,the,GeneralText,,,,,,,,,,,,,,
Ohio_Electric_Bill_sample,2,14,3,7,delivery,GeneralText,,,,,,,,,,,,,,
Ohio_Electric_Bill_sample,2,14,3,8,portion,GeneralText,,,,,,,,,,,,,,
Ohio_Electric_Bill_sample,2,14,3,9,of,GeneralText,,,,,,,,,,,,,,
Ohio_Electric_Bill_sample,2,14,3,10,the,GeneralText,,,,,,,,,,,,,,
Ohio_Electric_Bill_sample,2,14,4,1,bill.,GeneralText,,,,,,,,,,,,,,
Ohio_Electric_Bill_sample,2,15,1,1,Distribution,GeneralText,,,,,,,,,,,,,,
Ohio_Electric_Bill_sample,2,15,1,2,Service:,GeneralText,,,,,,,,,,,,,,
Ohio_Electric_Bill_sample,2,15,1,3,Charge,GeneralText,,,,,,,,,,,,,,
Ohio_Electric_Bill_sample,2,15,1,4,for,GeneralText,,,,,,,,,,,,,,
Ohio_Electric_Bill_sample,2,15,1,5,use,GeneralText,,,,,,,,,,,,,,
Ohio_Electric_Bill_sample,2,15,1,6,of,GeneralText,,,,,,,,,,,,,,
Ohio_Electric_Bill_sample,2,15,1,7,local,GeneralText,,,,,,,,,,,,,,
Ohio_Electric_Bill_sample,2,15,1,8,"wires,",GeneralText,,,,,,,,,,,,,,
Ohio_Electric_Bill_sample,2,15,1,9,"transformers,",GeneralText,,,,,,,,,,,,,,
Ohio_Electric_Bill_sample,2,15,2,1,substations,GeneralText,,,,,,,,,,,,,,
Ohio_Electric_Bill_sample,2,15,2,2,and,GeneralText,,,,,,,,,,,,,,
Ohio_Electric_Bill_sample,2,15,2,3,other,GeneralText,,,,,,,,,,,,,,
Ohio_Electric_Bill_sample,2,15,2,4,equipment,GeneralText,,,,,,,,,,,,,,
Ohio_Electric_Bill_sample,2,15,2,5,used,GeneralText,,,,,,,,,,,,,,
Ohio_Electric_Bill_sample,2,15,2,6,to,GeneralText,,,,,,,,,,,,,,
Ohio_Electric_Bill_sample,2,15,2,7,deliver,GeneralText,,,,,,,,,,,,,,
Ohio_Electric_Bill_sample,2,15,2,8,electricity,GeneralText,,,,,,,,,,,,,,
Ohio_Electric_Bill_sample,2,15,2,9,to,GeneralText,,,,,,,,,,,,,,
Ohio_Electric_Bill_sample,2,15,2,10,your,GeneralText,,,,,,,,,,,,,,
Ohio_Electric_Bill_sample,2,15,3,1,home/business.,GeneralText,,,,,,,,,,,,,,
Ohio_Electric_Bill_sample,2,15,3,2,Distribution,GeneralText,,,,,,,,,,,,,,
Ohio_Electric_Bill_sample,2,15,3,3,charges,GeneralText,,,,,,,,,,,,,,
Ohio_Electric_Bill_sample,2,15,3,4,show,GeneralText,,,,,,,,,,,,,,
Ohio_Electric_Bill_sample,2,15,3,5,under,GeneralText,,,,,,,,,,,,,,
Ohio_Electric_Bill_sample,2,15,3,6,the,GeneralText,,,,,,,,,,,,,,
Ohio_Electric_Bill_sample,2,15,3,7,delivery,GeneralText,,,,,,,,,,,,,,
Ohio_Electric_Bill_sample,2,15,3,8,portion,GeneralText,,,,,,,,,,,,,,
Ohio_Electric_Bill_sample,2,15,4,1,of,GeneralText,,,,,,,,,,,,,,
Ohio_Electric_Bill_sample,2,15,4,2,the,GeneralText,,,,,,,,,,,,,,
Ohio_Electric_Bill_sample,2,15,4,3,bill.,GeneralText,,,,,,,,,,,,,,
Ohio_Electric_Bill_sample,2,16,1,1,Retail,GeneralText,,,,,,,,,,,,,,
Ohio_Electric_Bill_sample,2,16,1,2,Stability,GeneralText,,,,,,,,,,,,,,
Ohio_Electric_Bill_sample,2,16,1,3,Rider,GeneralText,,,,,,,,,,,,,,
Ohio_Electric_Bill_sample,2,16,1,4,(RSR):,GeneralText,,,,,,,,,,,,,,
Ohio_Electric_Bill_sample,2,16,1,5,The,GeneralText,,,,,,,,,,,,,,
Ohio_Electric_Bill_sample,2,16,1,6,RSR,GeneralText,,,,,,,,,,,,,,
Ohio_Electric_Bill_sample,2,16,1,7,is,GeneralText,,,,,,,,,,,,,,
Ohio_Electric_Bill_sample,2,16,1,8,necessary,GeneralText,,,,,,,,,,,,,,
Ohio_Electric_Bill_sample,2,16,1,9,to,GeneralText,,,,,,,,,,,,,,
Ohio_Electric_Bill_sample,2,16,1,10,provide,GeneralText,,,,,,,,,,,,,,
Ohio_Electric_Bill_sample,2,16,1,11,AEP,GeneralText,,,,,,,,,,,,,,
Ohio_Electric_Bill_sample,2,16,2,1,Ohio,GeneralText,,,,,,,,,,,,,,
Ohio_Electric_Bill_sample,2,16,2,2,with,GeneralText,,,,,,,,,,,,,,
Ohio_Electric_Bill_sample,2,16,2,3,stability,GeneralText,,,,,,,,,,,,,,
Ohio_Electric_Bill_sample,2,16,2,4,while,GeneralText,,,,,,,,,,,,,,
Ohio_Electric_Bill_sample,2,16,2,5,transitioning,GeneralText,,,,,,,,,,,,,,
Ohio_Electric_Bill_sample,2,16,2,6,to,GeneralText,,,,,,,,,,,,,,
Ohio_Electric_Bill_sample,2,16,2,7,100%,GeneralText,,,,,,,,,,,,,,
Ohio_Electric_Bill_sample,2,16,2,8,auction-based,GeneralText,,,,,,,,,,,,,,
Ohio_Electric_Bill_sample,2,16,2,9,Standard,GeneralText,,,,,,,,,,,,,,
Ohio_Electric_Bill_sample,2,16,3,1,Service,GeneralText,,,,,,,,,,,,,,
Ohio_Electric_Bill_sample,2,16,3,2,Offering,GeneralText,,,,,,,,,,,,,,
Ohio_Electric_Bill_sample,2,16,3,3,(generation,GeneralText,,,,,,,,,,,,,,
Ohio_Electric_Bill_sample,2,16,3,4,service),GeneralText,,,,,,,,,,,,,,
Ohio_Electric_Bill_sample,2,16,3,5,pricing.,GeneralText,,,,,,,,,,,,,,
Ohio_Electric_Bill_sample,2,17,1,1,Phase-In,GeneralText,,,,,,,,,,,,,,
Ohio_Electric_Bill_sample,2,17,1,2,Recovery,GeneralText,,,,,,,,,,,,,,
Ohio_Electric_Bill_sample,2,17,1,3,Rider,GeneralText,,,,,,,,,,,,,,
Ohio_Electric_Bill_sample,2,17,1,4,(PIRR):,GeneralText,,,,,,,,,,,,,,
Ohio_Electric_Bill_sample,2,17,1,5,The,GeneralText,,,,,,,,,,,,,,
Ohio_Electric_Bill_sample,2,17,1,6,PIRR,GeneralText,,,,,,,,,,,,,,
Ohio_Electric_Bill_sample,2,17,1,7,will,GeneralText,,,,,,,,,,,,,,
Ohio_Electric_Bill_sample,2,17,1,8,allow,GeneralText,,,,,,,,,,,,,,
Ohio_Electric_Bill_sample,2,17,1,9,AEP,GeneralText,,,,,,,,,,,,,,
Ohio_Electric_Bill_sample,2,17,1,10,Ohio,GeneralText,,,,,,,,,,,,,,
Ohio_Electric_Bill_sample,2,17,1,11,to,GeneralText,,,,,,,,,,,,,,
Ohio_Electric_Bill_sample,2,17,2,1,recover,GeneralText,,,,,,,,,,,,,,
Ohio_Electric_Bill_sample,2,17,2,2,the,GeneralText,,,,,,,,,,,,,,
Ohio_Electric_Bill_sample,2,17,2,3,cost,GeneralText,,,,,,,,,,,,,,
Ohio_Electric_Bill_sample,2,17,2,4,of,GeneralText,,,,,,,,,,,,,,
Ohio_Electric_Bill_sample,2,17,2,5,fuel,GeneralText,,,,,,,,,,,,,,
Ohio_Electric_Bill_sample,2,17,2,6,deferred,GeneralText,,,,,,,,,,,,,,
Ohio_Electric_Bill_sample,2,17,2,7,from,GeneralText,,,,,,,,,,,,,,
Ohio_Electric_Bill_sample,2,17,2,8,2009-2011,GeneralText,,,,,,,,,,,,,,
Ohio_Electric_Bill_sample,2,17,2,9,as,GeneralText,,,,,,,,,,,,,,
Ohio_Electric_Bill_sample,2,17,2,10,previously,GeneralText,,,,,,,,,,,,,,
Ohio_Electric_Bill_sample,2,17,3,1,authorized,GeneralText,,,,,,,,,,,,,,
Ohio_Electric_Bill_sample,2,17,3,2,by,GeneralText,,,,,,,,,,,,,,
Ohio_Electric_Bill_sample,2,17,3,3,the,GeneralText,,,,,,,,,,,,,,
Ohio_Electric_Bill_sample,2,17,3,4,PUCO.,GeneralText,,,,,,,,,,,,,,
Ohio_Electric_Bill_sample,2,18,1,1,Deferred,GeneralText,,,,,,,,,,,,,,
Ohio_Electric_Bill_sample,2,18,1,2,Asset,GeneralText,,,,,,,,,,,,,,
Ohio_Electric_Bill_sample,2,18,1,3,Phase-In,GeneralText,,,,,,,,,,,,,,
Ohio_Electric_Bill_sample,2,18,1,4,Rider,GeneralText,,,,,,,,,,,,,,
Ohio_Electric_Bill_sample,2,18,1,5,(DAPIR):,GeneralText,,,,,,,,,,,,,,
Ohio_Electric_Bill_sample,2,18,1,6,Recovers,GeneralText,,,,,,,,,,,,,,
Ohio_Electric_Bill_sample,2,18,1,7,previously,GeneralText,,,,,,,,,,,,,,
Ohio_Electric_Bill_sample,2,18,1,8,incurred,GeneralText,,,,,,,,,,,,,,
Ohio_Electric_Bill_sample,2,18,2,1,deferrals,GeneralText,,,,,,,,,,,,,,
Ohio_Electric_Bill_sample,2,18,2,2,for,GeneralText,,,,,,,,,,,,,,
Ohio_Electric_Bill_sample,2,18,2,3,distribution,GeneralText,,,,,,,,,,,,,,
Ohio_Electric_Bill_sample,2,18,2,4,assets.,GeneralText,,,,,,,,,,,,,,
Ohio_Electric_Bill_sample,2,19,1,1,Delivery:,GeneralText,,,,,,,,,,,,,,
Ohio_Electric_Bill_sample,2,19,1,2,The,GeneralText,,,,,,,,,,,,,,
Ohio_Electric_Bill_sample,2,19,1,3,graph,GeneralText,,,,,,,,,,,,,,
Ohio_Electric_Bill_sample,2,19,1,4,on,GeneralText,,,,,,,,,,,,,,
Ohio_Electric_Bill_sample,2,19,1,5,the,GeneralText,,,,,,,,,,,,,,
Ohio_Electric_Bill_sample,2,19,1,6,first,GeneralText,,,,,,,,,,,,,,
Ohio_Electric_Bill_sample,2,19,1,7,page,GeneralText,,,,,,,,,,,,,,
Ohio_Electric_Bill_sample,2,19,1,8,shows,GeneralText,,,,,,,,,,,,,,
Ohio_Electric_Bill_sample,2,19,1,9,charges,GeneralText,,,,,,,,,,,,,,
Ohio_Electric_Bill_sample,2,19,1,10,associated,GeneralText,,,,,,,,,,,,,,
Ohio_Electric_Bill_sample,2,19,1,11,with,GeneralText,,,,,,,,,,,,,,
Ohio_Electric_Bill_sample,2,19,2,1,moving,GeneralText,,,,,,,,,,,,,,
Ohio_Electric_Bill_sample,2,19,2,2,electricity,GeneralText,,,,,,,,,,,,,,
Ohio_Electric_Bill_sample,2,19,2,3,through,GeneralText,,,,,,,,,,,,,,
Ohio_Electric_Bill_sample,2,19,2,4,transmission,GeneralText,,,,,,,,,,,,,,
Ohio_Electric_Bill_sample,2,19,2,5,lines,GeneralText,,,,,,,,,,,,,,
Ohio_Electric_Bill_sample,2,19,2,6,and,GeneralText,,,,,,,,,,,,,,
Ohio_Electric_Bill_sample,2,19,2,7,distribution,GeneralText,,,,,,,,,,,,,,
Ohio_Electric_Bill_sample,2,19,2,8,lines,GeneralText,,,,,,,,,,,,,,
Ohio_Electric_Bill_sample,2,19,2,9,as,GeneralText,,,,,,,,,,,,,,
Ohio_Electric_Bill_sample,2,19,3,1,well,GeneralText,,,,,,,,,,,,,,
Ohio_Electric_Bill_sample,2,19,3,2,as,GeneralText,,,,,,,,,,,,,,
Ohio_Electric_Bill_sample,2,19,3,3,costs,GeneralText,,,,,,,,,,,,,,
Ohio_Electric_Bill_sample,2,19,3,4,to,GeneralText,,,,,,,,,,,,,,
Ohio_Electric_Bill_sample,2,19,3,5,maintain,GeneralText,,,,,,,,,,,,,,
Ohio_Electric_Bill_sample,2,19,3,6,those,GeneralText,,,,,,,,,,,,,,
Ohio_Electric_Bill_sample,2,19,3,7,lines,GeneralText,,,,,,,,,,,,,,
Ohio_Electric_Bill_sample,2,19,3,8,and,GeneralText,,,,,,,,,,,,,,
Ohio_Electric_Bill_sample,2,19,3,9,other,GeneralText,,,,,,,,,,,,,,
Ohio_Electric_Bill_sample,2,19,3,10,distribution,GeneralText,,,,,,,,,,,,,,
Ohio_Electric_Bill_sample,2,19,3,11,costs.,GeneralText,,,,,,,,,,,,,,
Ohio_Electric_Bill_sample,2,20,1,1,We,GeneralText,,,,,,,,,,,,,,
Ohio_Electric_Bill_sample,2,20,1,2,welcome,GeneralText,,,,,,,,,,,,,,
Ohio_Electric_Bill_sample,2,20,1,3,the,GeneralText,,,,,,,,,,,,,,
Ohio_Electric_Bill_sample,2,20,1,4,opportunity,GeneralText,,,,,,,,,,,,,,
Ohio_Electric_Bill_sample,2,20,1,5,to,GeneralText,,,,,,,,,,,,,,
Ohio_Electric_Bill_sample,2,20,1,6,assist,GeneralText,,,,,,,,,,,,,,
Ohio_Electric_Bill_sample,2,20,1,7,you.,GeneralText,,,,,,,,,,,,,,
Ohio_Electric_Bill_sample,2,20,1,8,Our,GeneralText,,,,,,,,,,,,,,
Ohio_Electric_Bill_sample,2,20,1,9,customer,GeneralText,,,,,,,,,,,,,,
Ohio_Electric_Bill_sample,2,20,1,10,service,GeneralText,,,,,,,,,,,,,,
Ohio_Electric_Bill_sample,2,20,1,11,center,GeneralText,,,,,,,,,,,,,,
Ohio_Electric_Bill_sample,2,20,1,12,is,GeneralText,,,,,,,,,,,,,,
Ohio_Electric_Bill_sample,2,20,1,13,open,GeneralText,,,,,,,,,,,,,,
Ohio_Electric_Bill_sample,2,20,1,14,24,GeneralText,,,,,,,,,,,,,,
Ohio_Electric_Bill_sample,2,20,1,15,hours,GeneralText,,,,,,,,,,,,,,
Ohio_Electric_Bill_sample,2,20,1,16,a,GeneralText,,,,,,,,,,,,,,
Ohio_Electric_Bill_sample,2,20,1,17,"day,",GeneralText,,,,,,,,,,,,,,
Ohio_Electric_Bill_sample,2,20,1,18,7,GeneralText,,,,,,,,,,,,,,
Ohio_Electric_Bill_sample,2,20,1,19,days,GeneralText,,,,,,,,,,,,,,
Ohio_Electric_Bill_sample,2,20,1,20,a,GeneralText,,,,,,,,,,,,,,
Ohio_Electric_Bill_sample,2,20,1,21,week.,GeneralText,,,,,,,,,,,,,,
Ohio_Electric_Bill_sample,2,20,1,22,If,GeneralText,,,,,,,,,,,,,,
Ohio_Electric_Bill_sample,2,20,1,23,you,GeneralText,,,,,,,,,,,,,,
Ohio_Electric_Bill_sample,2,20,1,24,have,GeneralText,,,,,,,,,,,,,,
Ohio_Electric_Bill_sample,2,20,1,25,a,GeneralText,,,,,,,,,,,,,,
Ohio_Electric_Bill_sample,2,20,1,26,"question,",GeneralText,,,,,,,,,,,,,,
Ohio_Electric_Bill_sample,2,20,1,27,please,GeneralText,,,,,,,,,,,,,,
Ohio_Electric_Bill_sample,2,20,1,28,call,GeneralText,,,,,,,,,,,,,,
Ohio_Electric_Bill_sample,2,20,2,1,us,GeneralText,,,,,,,,,,,,,,
Ohio_Electric_Bill_sample,2,20,2,2,toll,GeneralText,,,,,,,,,,,,,,
Ohio_Electric_Bill_sample,2,20,2,3,free,GeneralText,,,,,,,,,,,,,,
Ohio_Electric_Bill_sample,2,20,2,4,at,GeneralText,,,,,,,,,,,,,,
Ohio_Electric_Bill_sample,2,20,2,5,"1-800-672-2231,",GeneralText,,,,,,,,,,,,,,
Ohio_Electric_Bill_sample,2,20,2,6,or,GeneralText,,,,,,,,,,,,,,
Ohio_Electric_Bill_sample,2,20,2,7,1-800-617-1234,GeneralText,,,,,,,,,,,,,,
Ohio_Electric_Bill_sample,2,20,2,8,(TDD/TTY).,GeneralText,,,,,,,,,,,,,,
Ohio_Electric_Bill_sample,2,20,2,9,If,GeneralText,,,,,,,,,,,,,,
Ohio_Electric_Bill_sample,2,20,2,10,you,GeneralText,,,,,,,,,,,,,,
Ohio_Electric_Bill_sample,2,20,2,11,feel,GeneralText,,,,,,,,,,,,,,
Ohio_Electric_Bill_sample,2,20,2,12,your,GeneralText,,,,,,,,,,,,,,
Ohio_Electric_Bill_sample,2,20,2,13,concern,GeneralText,,,,,,,,,,,,,,
Ohio_Electric_Bill_sample,2,20,2,14,has,GeneralText,,,,,,,,,,,,,,
Ohio_Electric_Bill_sample,2,20,2,15,not,GeneralText,,,,,,,,,,,,,,
Ohio_Electric_Bill_sample,2,20,2,16,been,GeneralText,,,,,,,,,,,,,,
Ohio_Electric_Bill_sample,2,20,2,17,"resolved,",GeneralText,,,,,,,,,,,,,,
Ohio_Electric_Bill_sample,2,20,2,18,you,GeneralText,,,,,,,,,,,,,,
Ohio_Electric_Bill_sample,2,20,2,19,can,GeneralText,,,,,,,,,,,,,,
Ohio_Electric_Bill_sample,2,20,2,20,file,GeneralText,,,,,,,,,,,,,,
Ohio_Electric_Bill_sample,2,20,2,21,a,GeneralText,,,,,,,,,,,,,,
Ohio_Electric_Bill_sample,2,20,2,22,complaint,GeneralText,,,,,,,,,,,,,,
Ohio_Electric_Bill_sample,2,20,2,23,at,GeneralText,,,,,,,,,,,,,,
Ohio_Electric_Bill_sample,2,20,3,1,www.aepohio.com,GeneralText,,,,,,,,,,,,,,
Ohio_Electric_Bill_sample,2,20,3,2,under,GeneralText,,,,,,,,,,,,,,
Ohio_Electric_Bill_sample,2,20,3,3,“Contact,GeneralText,,,,,,,,,,,,,,
Ohio_Electric_Bill_sample,2,20,3,4,"Us”,",GeneralText,,,,,,,,,,,,,,
Ohio_Electric_Bill_sample,2,20,3,5,call,GeneralText,,,,,,,,,,,,,,
Ohio_Electric_Bill_sample,2,20,3,6,1-800-672-2231,GeneralText,,,,,,,,,,,,,,
Ohio_Electric_Bill_sample,2,20,3,7,or,GeneralText,,,,,,,,,,,,,,
Ohio_Electric_Bill_sample,2,20,3,8,by,GeneralText,,,,,,,,,,,,,,
Ohio_Electric_Bill_sample,2,20,3,9,writing,GeneralText,,,,,,,,,,,,,,
Ohio_Electric_Bill_sample,2,20,3,10,to,GeneralText,,,,,,,,,,,,,,
Ohio_Electric_Bill_sample,2,20,3,11,Customer,GeneralText,,,,,,,,,,,,,,
Ohio_Electric_Bill_sample,2,20,3,12,"Concerns,",GeneralText,,,,,,,,,,,,,,
Ohio_Electric_Bill_sample,2,20,3,13,4500,GeneralText,,,,,,,,,,,,,,
Ohio_Electric_Bill_sample,2,20,3,14,S.,GeneralText,,,,,,,,,,,,,,
Ohio_Electric_Bill_sample,2,20,3,15,Hamilton,GeneralText,,,,,,,,,,,,,,
Ohio_Electric_Bill_sample,2,20,3,16,"Road,",GeneralText,,,,,,,,,,,,,,
Ohio_Electric_Bill_sample,2,20,3,17,"Groveport,",GeneralText,,,,,,,,,,,,,,
Ohio_Electric_Bill_sample,2,20,3,18,OH,GeneralText,,,,,,,,,,,,,,
Ohio_Electric_Bill_sample,2,20,3,19,43125,GeneralText,,,,,,,,,,,,,,
Ohio_Electric_Bill_sample,2,21,1,1,Customers,GeneralText,,,,,,,,,,,,,,
Ohio_Electric_Bill_sample,2,21,1,2,may,GeneralText,,,,,,,,,,,,,,
Ohio_Electric_Bill_sample,2,21,1,3,be,GeneralText,,,,,,,,,,,,,,
Ohio_Electric_Bill_sample,2,21,1,4,assessed,GeneralText,,,,,,,,,,,,,,
Ohio_Electric_Bill_sample,2,21,1,5,a,GeneralText,,,,,,,,,,,,,,
Ohio_Electric_Bill_sample,2,21,1,6,deposit,GeneralText,,,,,,,,,,,,,,
Ohio_Electric_Bill_sample,2,21,1,7,if,GeneralText,,,,,,,,,,,,,,
Ohio_Electric_Bill_sample,2,21,1,8,they,GeneralText,,,,,,,,,,,,,,
Ohio_Electric_Bill_sample,2,21,1,9,have,GeneralText,,,,,,,,,,,,,,
Ohio_Electric_Bill_sample,2,21,1,10,not,GeneralText,,,,,,,,,,,,,,
Ohio_Electric_Bill_sample,2,21,1,11,made,GeneralText,,,,,,,,,,,,,,
Ohio_Electric_Bill_sample,2,21,1,12,a,GeneralText,,,,,,,,,,,,,,
Ohio_Electric_Bill_sample,2,21,1,13,full,GeneralText,,,,,,,,,,,,,,
Ohio_Electric_Bill_sample,2,21,1,14,payment,GeneralText,,,,,,,,,,,,,,
Ohio_Electric_Bill_sample,2,21,1,15,(or,GeneralText,,,,,,,,,,,,,,
Ohio_Electric_Bill_sample,2,21,1,16,arrangements),GeneralText,,,,,,,,,,,,,,
Ohio_Electric_Bill_sample,2,21,1,17,on,GeneralText,,,,,,,,,,,,,,
Ohio_Electric_Bill_sample,2,21,1,18,a,GeneralText,,,,,,,,,,,,,,
Ohio_Electric_Bill_sample,2,21,1,19,bill,GeneralText,,,,,,,,,,,,,,
Ohio_Electric_Bill_sample,2,21,1,20,that,GeneralText,,,,,,,,,,,,,,
Ohio_Electric_Bill_sample,2,21,1,21,contains,GeneralText,,,,,,,,,,,,,,
Ohio_Electric_Bill_sample,2,21,1,22,a,GeneralText,,,,,,,,,,,,,,
Ohio_Electric_Bill_sample,2,21,1,23,previous,GeneralText,,,,,,,,,,,,,,
Ohio_Electric_Bill_sample,2,21,1,24,"balance,",GeneralText,,,,,,,,,,,,,,
Ohio_Electric_Bill_sample,2,21,1,25,or,GeneralText,,,,,,,,,,,,,,
Ohio_Electric_Bill_sample,2,21,1,26,have,GeneralText,,,,,,,,,,,,,,
Ohio_Electric_Bill_sample,2,21,2,1,been,GeneralText,,,,,,,,,,,,,,
Ohio_Electric_Bill_sample,2,21,2,2,disconnected,GeneralText,,,,,,,,,,,,,,
Ohio_Electric_Bill_sample,2,21,2,3,for,GeneralText,,,,,,,,,,,,,,
Ohio_Electric_Bill_sample,2,21,2,4,"nonpayment,",GeneralText,,,,,,,,,,,,,,
Ohio_Electric_Bill_sample,2,21,2,5,fraudulent,GeneralText,,,,,,,,,,,,,,
Ohio_Electric_Bill_sample,2,21,2,6,"practice,",GeneralText,,,,,,,,,,,,,,
Ohio_Electric_Bill_sample,2,21,2,7,"tampering,",GeneralText,,,,,,,,,,,,,,
Ohio_Electric_Bill_sample,2,21,2,8,or,GeneralText,,,,,,,,,,,,,,
Ohio_Electric_Bill_sample,2,21,2,9,unauthorized,GeneralText,,,,,,,,,,,,,,
Ohio_Electric_Bill_sample,2,21,2,10,reconnection,GeneralText,,,,,,,,,,,,,,
Ohio_Electric_Bill_sample,2,21,2,11,during,GeneralText,,,,,,,,,,,,,,
Ohio_Electric_Bill_sample,2,21,2,12,the,GeneralText,,,,,,,,,,,,,,
Ohio_Electric_Bill_sample,2,21,2,13,preceding,GeneralText,,,,,,,,,,,,,,
Ohio_Electric_Bill_sample,2,21,2,14,12,GeneralText,,,,,,,,,,,,,,
Ohio_Electric_Bill_sample,2,21,2,15,months.,GeneralText,,,,,,,,,,,,,,
Ohio_Electric_Bill_sample,2,21,2,16,Residential,GeneralText,,,,,,,,,,,,,,
Ohio_Electric_Bill_sample,2,21,3,1,deposits,GeneralText,,,,,,,,,,,,,,
Ohio_Electric_Bill_sample,2,21,3,2,may,GeneralText,,,,,,,,,,,,,,
Ohio_Electric_Bill_sample,2,21,3,3,be,GeneralText,,,,,,,,,,,,,,
Ohio_Electric_Bill_sample,2,21,3,4,made,GeneralText,,,,,,,,,,,,,,
Ohio_Electric_Bill_sample,2,21,3,5,through,GeneralText,,,,,,,,,,,,,,
Ohio_Electric_Bill_sample,2,21,3,6,a,GeneralText,,,,,,,,,,,,,,
Ohio_Electric_Bill_sample,2,21,3,7,cash,GeneralText,,,,,,,,,,,,,,
Ohio_Electric_Bill_sample,2,21,3,8,deposit,GeneralText,,,,,,,,,,,,,,
Ohio_Electric_Bill_sample,2,21,3,9,or,GeneralText,,,,,,,,,,,,,,
Ohio_Electric_Bill_sample,2,21,3,10,approved,GeneralText,,,,,,,,,,,,,,
Ohio_Electric_Bill_sample,2,21,3,11,guarantor.,GeneralText,,,,,,,,,,,,,,
Ohio_Electric_Bill_sample,2,21,3,12,Non-residential,GeneralText,,,,,,,,,,,,,,
Ohio_Electric_Bill_sample,2,21,3,13,deposits,GeneralText,,,,,,,,,,,,,,
Ohio_Electric_Bill_sample,2,21,3,14,may,GeneralText,,,,,,,,,,,,,,
Ohio_Electric_Bill_sample,2,21,3,15,be,GeneralText,,,,,,,,,,,,,,
Ohio_Electric_Bill_sample,2,21,3,16,made,GeneralText,,,,,,,,,,,,,,
Ohio_Electric_Bill_sample,2,21,3,17,by,GeneralText,,,,,,,,,,,,,,
Ohio_Electric_Bill_sample,2,21,3,18,"cash,",GeneralText,,,,,,,,,,,,,,
Ohio_Electric_Bill_sample,2,21,3,19,approved,GeneralText,,,,,,,,,,,,,,
Ohio_Electric_Bill_sample,2,21,3,20,letters,GeneralText,,,,,,,,,,,,,,
Ohio_Electric_Bill_sample,2,21,3,21,of,GeneralText,,,,,,,,,,,,,,
Ohio_Electric_Bill_sample,2,21,3,22,"credit,",GeneralText,,,,,,,,,,,,,,
Ohio_Electric_Bill_sample,2,21,4,1,or,GeneralText,,,,,,,,,,,,,,
Ohio_Electric_Bill_sample,2,21,4,2,approved,GeneralText,,,,,,,,,,,,,,
Ohio_Electric_Bill_sample,2,21,4,3,surety,GeneralText,,,,,,,,,,,,,,
Ohio_Electric_Bill_sample,2,21,4,4,bonds.,GeneralText,,,,,,,,,,,,,,
Ohio_Electric_Bill_sample,2,21,4,5,To,GeneralText,,,,,,,,,,,,,,
Ohio_Electric_Bill_sample,2,21,4,6,discuss,GeneralText,,,,,,,,,,,,,,
Ohio_Electric_Bill_sample,2,21,4,7,any,GeneralText,,,,,,,,,,,,,,
Ohio_Electric_Bill_sample,2,21,4,8,further,GeneralText,,,,,,,,,,,,,,
Ohio_Electric_Bill_sample,2,21,4,9,options,GeneralText,,,,,,,,,,,,,,
Ohio_Electric_Bill_sample,2,21,4,10,please,GeneralText,,,,,,,,,,,,,,
Ohio_Electric_Bill_sample,2,21,4,11,call,GeneralText,,,,,,,,,,,,,,
Ohio_Electric_Bill_sample,2,21,4,12,AEP,GeneralText,,,,,,,,,,,,,,
Ohio_Electric_Bill_sample,2,21,4,13,Ohio.,GeneralText,,,,,,,,,,,,,,
Ohio_Electric_Bill_sample,2,21,4,14,To,GeneralText,,,,,,,,,,,,,,
Ohio_Electric_Bill_sample,2,21,4,15,contest,GeneralText,,,,,,,,,,,,,,
Ohio_Electric_Bill_sample,2,21,4,16,a,GeneralText,,,,,,,,,,,,,,
Ohio_Electric_Bill_sample,2,21,4,17,deposit,GeneralText,,,,,,,,,,,,,,
Ohio_Electric_Bill_sample,2,21,4,18,you,GeneralText,,,,,,,,,,,,,,
Ohio_Electric_Bill_sample,2,21,4,19,can,GeneralText,,,,,,,,,,,,,,
Ohio_Electric_Bill_sample,2,21,4,20,file,GeneralText,,,,,,,,,,,,,,
Ohio_Electric_Bill_sample,2,21,4,21,a,GeneralText,,,,,,,,,,,,,,
Ohio_Electric_Bill_sample,2,21,4,22,complaint,GeneralText,,,,,,,,,,,,,,
Ohio_Electric_Bill_sample,2,21,4,23,at,GeneralText,,,,,,,,,,,,,,
Ohio_Electric_Bill_sample,2,21,4,24,www.aepohio.com,GeneralText,,,,,,,,,,,,,,
Ohio_Electric_Bill_sample,2,21,5,1,under,GeneralText,,,,,,,,,,,,,,
Ohio_Electric_Bill_sample,2,21,5,2,“Contact,GeneralText,,,,,,,,,,,,,,
Ohio_Electric_Bill_sample,2,21,5,3,"Us”,",GeneralText,,,,,,,,,,,,,,
Ohio_Electric_Bill_sample,2,21,5,4,call,GeneralText,,,,,,,,,,,,,,
Ohio_Electric_Bill_sample,2,21,5,5,1-800-672-2231,GeneralText,,,,,,,,,,,,,,
Ohio_Electric_Bill_sample,2,21,5,6,or,GeneralText,,,,,,,,,,,,,,
Ohio_Electric_Bill_sample,2,21,5,7,by,GeneralText,,,,,,,,,,,,,,
Ohio_Electric_Bill_sample,2,21,5,8,writing,GeneralText,,,,,,,,,,,,,,
Ohio_Electric_Bill_sample,2,21,5,9,to,GeneralText,,,,,,,,,,,,,,
Ohio_Electric_Bill_sample,2,21,5,10,Customer,GeneralText,,,,,,,,,,,,,,
Ohio_Electric_Bill_sample,2,21,5,11,"Concerns,",GeneralText,,,,,,,,,,,,,,
Ohio_Electric_Bill_sample,2,21,5,12,4500,GeneralText,,,,,,,,,,,,,,
Ohio_Electric_Bill_sample,2,21,5,13,S.,GeneralText,,,,,,,,,,,,,,
Ohio_Electric_Bill_sample,2,21,5,14,Hamilton,GeneralText,,,,,,,,,,,,,,
Ohio_Electric_Bill_sample,2,21,5,15,"Road,",GeneralText,,,,,,,,,,,,,,
Ohio_Electric_Bill_sample,2,21,5,16,"Groveport,",GeneralText,,,,,,,,,,,,,,
Ohio_Electric_Bill_sample,2,21,5,17,OH,GeneralText,,,,,,,,,,,,,,
Ohio_Electric_Bill_sample,2,21,5,18,43125,GeneralText,,,,,,,,,,,,,,
Ohio_Electric_Bill_sample,2,22,1,1,If,GeneralText,,,,,,,,,,,,,,
Ohio_Electric_Bill_sample,2,22,1,2,your,GeneralText,,,,,,,,,,,,,,
Ohio_Electric_Bill_sample,2,22,1,3,complaint,GeneralText,,,,,,,,,,,,,,
Ohio_Electric_Bill_sample,2,22,1,4,is,GeneralText,,,,,,,,,,,,,,
Ohio_Electric_Bill_sample,2,22,1,5,not,GeneralText,,,,,,,,,,,,,,
Ohio_Electric_Bill_sample,2,22,1,6,resolved,GeneralText,,,,,,,,,,,,,,
Ohio_Electric_Bill_sample,2,22,1,7,after,GeneralText,,,,,,,,,,,,,,
Ohio_Electric_Bill_sample,2,22,1,8,you,GeneralText,,,,,,,,,,,,,,
Ohio_Electric_Bill_sample,2,22,1,9,have,GeneralText,,,,,,,,,,,,,,
Ohio_Electric_Bill_sample,2,22,1,10,called,GeneralText,,,,,,,,,,,,,,
Ohio_Electric_Bill_sample,2,22,1,11,AEP,GeneralText,,,,,,,,,,,,,,
Ohio_Electric_Bill_sample,2,22,1,12,"Ohio,",GeneralText,,,,,,,,,,,,,,
Ohio_Electric_Bill_sample,2,22,1,13,or,GeneralText,,,,,,,,,,,,,,
Ohio_Electric_Bill_sample,2,22,1,14,for,GeneralText,,,,,,,,,,,,,,
Ohio_Electric_Bill_sample,2,22,1,15,general,GeneralText,,,,,,,,,,,,,,
Ohio_Electric_Bill_sample,2,22,1,16,utility,GeneralText,,,,,,,,,,,,,,
Ohio_Electric_Bill_sample,2,22,1,17,"information,",GeneralText,,,,,,,,,,,,,,
Ohio_Electric_Bill_sample,2,22,1,18,residential,GeneralText,,,,,,,,,,,,,,
Ohio_Electric_Bill_sample,2,22,1,19,and,GeneralText,,,,,,,,,,,,,,
Ohio_Electric_Bill_sample,2,22,1,20,business,GeneralText,,,,,,,,,,,,,,
Ohio_Electric_Bill_sample,2,22,1,21,customers,GeneralText,,,,,,,,,,,,,,
Ohio_Electric_Bill_sample,2,22,1,22,may,GeneralText,,,,,,,,,,,,,,
Ohio_Electric_Bill_sample,2,22,1,23,contact,GeneralText,,,,,,,,,,,,,,
Ohio_Electric_Bill_sample,2,22,2,1,the,GeneralText,,,,,,,,,,,,,,
Ohio_Electric_Bill_sample,2,22,2,2,Public,GeneralText,,,,,,,,,,,,,,
Ohio_Electric_Bill_sample,2,22,2,3,Utilities,GeneralText,,,,,,,,,,,,,,
Ohio_Electric_Bill_sample,2,22,2,4,Commission,GeneralText,,,,,,,,,,,,,,
Ohio_Electric_Bill_sample,2,22,2,5,of,GeneralText,,,,,,,,,,,,,,
Ohio_Electric_Bill_sample,2,22,2,6,Ohio,GeneralText,,,,,,,,,,,,,,
Ohio_Electric_Bill_sample,2,22,2,7,(PUCO),GeneralText,,,,,,,,,,,,,,
Ohio_Electric_Bill_sample,2,22,2,8,for,GeneralText,,,,,,,,,,,,,,
Ohio_Electric_Bill_sample,2,22,2,9,assistance,GeneralText,,,,,,,,,,,,,,
Ohio_Electric_Bill_sample,2,22,2,10,at,GeneralText,,,,,,,,,,,,,,
Ohio_Electric_Bill_sample,2,22,2,11,1-800-686-7826,GeneralText,,,,,,,,,,,,,,
Ohio_Electric_Bill_sample,2,22,2,12,(toll,GeneralText,,,,,,,,,,,,,,
Ohio_Electric_Bill_sample,2,22,2,13,free),GeneralText,,,,,,,,,,,,,,
Ohio_Electric_Bill_sample,2,22,2,14,from,GeneralText,,,,,,,,,,,,,,
Ohio_Electric_Bill_sample,2,22,2,15,8,GeneralText,,,,,,,,,,,,,,
Ohio_Electric_Bill_sample,2,22,2,16,a.m.,GeneralText,,,,,,,,,,,,,,
Ohio_Electric_Bill_sample,2,22,2,17,to,GeneralText,,,,,,,,,,,,,,
Ohio_Electric_Bill_sample,2,22,2,18,5,GeneralText,,,,,,,,,,,,,,
Ohio_Electric_Bill_sample,2,22,2,19,p.m.,GeneralText,,,,,,,,,,,,,,
Ohio_Electric_Bill_sample,2,22,2,20,"weekdays,",GeneralText,,,,,,,,,,,,,,
Ohio_Electric_Bill_sample,2,22,2,21,or,GeneralText,,,,,,,,,,,,,,
Ohio_Electric_Bill_sample,2,22,2,22,at,GeneralText,,,,,,,,,,,,,,
Ohio_Electric_Bill_sample,2,22,3,1,www.PUCO.Ohio.gov.,GeneralText,,,,,,,,,,,,,,
Ohio_Electric_Bill_sample,2,22,3,2,Hearing,GeneralText,,,,,,,,,,,,,,
Ohio_Electric_Bill_sample,2,22,3,3,or,GeneralText,,,,,,,,,,,,,,
Ohio_Electric_Bill_sample,2,22,3,4,speech,GeneralText,,,,,,,,,,,,,,
Ohio_Electric_Bill_sample,2,22,3,5,impaired,GeneralText,,,,,,,,,,,,,,
Ohio_Electric_Bill_sample,2,22,3,6,customers,GeneralText,,,,,,,,,,,,,,
Ohio_Electric_Bill_sample,2,22,3,7,may,GeneralText,,,,,,,,,,,,,,
Ohio_Electric_Bill_sample,2,22,3,8,contact,GeneralText,,,,,,,,,,,,,,
Ohio_Electric_Bill_sample,2,22,3,9,the,GeneralText,,,,,,,,,,,,,,
Ohio_Electric_Bill_sample,2,22,3,10,PUCO,GeneralText,,,,,,,,,,,,,,
Ohio_Electric_Bill_sample,2,22,3,11,via,GeneralText,,,,,,,,,,,,,,
Ohio_Electric_Bill_sample,2,22,3,12,7/1/2001,GeneralText,,,,,,,,,,,,,,
Ohio_Electric_Bill_sample,2,22,3,13,(Ohio,GeneralText,,,,,,,,,,,,,,
Ohio_Electric_Bill_sample,2,22,3,14,relay,GeneralText,,,,,,,,,,,,,,
Ohio_Electric_Bill_sample,2,22,3,15,service).,GeneralText,,,,,,,,,,,,,,
Ohio_Electric_Bill_sample,2,23,1,1,The,GeneralText,,,,,,,,,,,,,,
Ohio_Electric_Bill_sample,2,23,1,2,Ohio,GeneralText,,,,,,,,,,,,,,
Ohio_Electric_Bill_sample,2,23,1,3,Consumers’,GeneralText,,,,,,,,,,,,,,
Ohio_Electric_Bill_sample,2,23,1,4,Counsel,GeneralText,,,,,,,,,,,,,,
Ohio_Electric_Bill_sample,2,23,1,5,(OCC),GeneralText,,,,,,,,,,,,,,
Ohio_Electric_Bill_sample,2,23,1,6,represents,GeneralText,,,,,,,,,,,,,,
Ohio_Electric_Bill_sample,2,23,1,7,utility,GeneralText,,,,,,,,,,,,,,
Ohio_Electric_Bill_sample,2,23,1,8,customers,GeneralText,,,,,,,,,,,,,,
Ohio_Electric_Bill_sample,2,23,1,9,in,GeneralText,,,,,,,,,,,,,,
Ohio_Electric_Bill_sample,2,23,1,10,matters,GeneralText,,,,,,,,,,,,,,
Ohio_Electric_Bill_sample,2,23,1,11,before,GeneralText,,,,,,,,,,,,,,
Ohio_Electric_Bill_sample,2,23,1,12,the,GeneralText,,,,,,,,,,,,,,
Ohio_Electric_Bill_sample,2,23,1,13,PUCO.,GeneralText,,,,,,,,,,,,,,
Ohio_Electric_Bill_sample,2,23,1,14,The,GeneralText,,,,,,,,,,,,,,
Ohio_Electric_Bill_sample,2,23,1,15,OCC,GeneralText,,,,,,,,,,,,,,
Ohio_Electric_Bill_sample,2,23,1,16,can,GeneralText,,,,,,,,,,,,,,
Ohio_Electric_Bill_sample,2,23,1,17,be,GeneralText,,,,,,,,,,,,,,
Ohio_Electric_Bill_sample,2,23,1,18,contacted,GeneralText,,,,,,,,,,,,,,
Ohio_Electric_Bill_sample,2,23,1,19,at,GeneralText,,,,,,,,,,,,,,
Ohio_Electric_Bill_sample,2,23,1,20,1-877-742-5622,GeneralText,,,,,,,,,,,,,,
Ohio_Electric_Bill_sample,2,23,1,21,from,GeneralText,,,,,,,,,,,,,,
Ohio_Electric_Bill_sample,2,23,2,1,8,GeneralText,,,,,,,,,,,,,,
Ohio_Electric_Bill_sample,2,23,2,2,a.m.,GeneralText,,,,,,,,,,,,,,
Ohio_Electric_Bill_sample,2,23,2,3,to,GeneralText,,,,,,,,,,,,,,
Ohio_Electric_Bill_sample,2,23,2,4,5,GeneralText,,,,,,,,,,,,,,
Ohio_Electric_Bill_sample,2,23,2,5,p.m.,GeneralText,,,,,,,,,,,,,,
Ohio_Electric_Bill_sample,2,23,2,6,"weekdays,",GeneralText,,,,,,,,,,,,,,
Ohio_Electric_Bill_sample,2,23,2,7,or,GeneralText,,,,,,,,,,,,,,
Ohio_Electric_Bill_sample,2,23,2,8,at,GeneralText,,,,,,,,,,,,,,
Ohio_Electric_Bill_sample,2,23,2,9,www.PickOCC.org.,GeneralText,,,,,,,,,,,,,,
Ohio_Electric_Bill_sample,2,23,3,1,Rates,GeneralText,,,,,,,,,,,,,,
Ohio_Electric_Bill_sample,2,23,3,2,Available,GeneralText,,,,,,,,,,,,,,
Ohio_Electric_Bill_sample,2,23,3,3,on,GeneralText,,,,,,,,,,,,,,
Ohio_Electric_Bill_sample,2,23,3,4,Request,GeneralText,,,,,,,,,,,,,,
Ohio_Electric_Bill_sample,3,1,1,1,35785,GeneralText,,,,,,,,,,,,,,
Ohio_Electric_Bill_sample,3,2,1,1,Service,AddressText,,,,,,,,,,,,,,
Ohio_Electric_Bill_sample,3,2,1,2,Address:,AddressText,,,,,,,,,,,,,,
Ohio_Electric_Bill_sample,3,3,1,1,JANE,,,x,x,,,,,,,,,,,
Ohio_Electric_Bill_sample,3,3,1,2,SMITH,,,x,,x,,,,,,,,,,
Ohio_Electric_Bill_sample,3,4,1,1,123,,,x,,,x,,,,,,,,,
Ohio_Electric_Bill_sample,3,4,1,2,MAIN,,,x,,,,x,,,,,,,,
Ohio_Electric_Bill_sample,3,4,1,3,ST,,,x,,,,x,,,,,,,,
Ohio_Electric_Bill_sample,3,5,1,1,ANY,,,x,,,,,x,,,,,,,
Ohio_Electric_Bill_sample,3,5,1,2,"CITY,",,,x,,,,,x,,,,,,,
Ohio_Electric_Bill_sample,3,5,1,3,OH,,,x,,,,,,x,,,,,,
Ohio_Electric_Bill_sample,3,5,1,4,43999-9999,,,x,,,,,,,x,,,,,
Ohio_Electric_Bill_sample,3,6,1,1,Account,AccountNumberText,,,,,,,,,,,,,,
Ohio_Electric_Bill_sample,3,6,1,2,#123-456-789-0-1,,,x,,,,,,,,,,x,,
Ohio_Electric_Bill_sample,3,7,1,1,Line,PriceText,,,,,,,,,,,,,,
Ohio_Electric_Bill_sample,3,7,1,2,Item,PriceText,,,,,,,,,,,,,,
Ohio_Electric_Bill_sample,3,7,1,3,Charges:,PriceText,,,,,,,,,,,,,,
Ohio_Electric_Bill_sample,3,8,1,1,Previous,PriceText,,,,,,,,,,,,,,
Ohio_Electric_Bill_sample,3,8,1,2,Charges,PriceText,,,,,,,,,,,,,,
Ohio_Electric_Bill_sample,3,9,1,1,Total,PriceText,,,,,,,,,,,,,,
Ohio_Electric_Bill_sample,3,9,1,2,Amount,PriceText,,,,,,,,,,,,,,
Ohio_Electric_Bill_sample,3,9,1,3,Due,PriceText,,,,,,,,,,,,,,
Ohio_Electric_Bill_sample,3,9,1,4,At,PriceText,,,,,,,,,,,,,,
Ohio_Electric_Bill_sample,3,9,1,5,Last,PriceText,,,,,,,,,,,,,,
Ohio_Electric_Bill_sample,3,9,1,6,Billing,PriceText,,,,,,,,,,,,,,
Ohio_Electric_Bill_sample,3,9,2,1,$,PriceText,,,,,,,,,,,,,,
Ohio_Electric_Bill_sample,3,9,3,1,59.31,,,x,,,,,,,,,x,,,
Ohio_Electric_Bill_sample,3,10,1,1,Payment,PriceText,,,,,,,,,,,,,,
Ohio_Electric_Bill_sample,3,10,1,2,5/4/2018,,,x,,,,,,,,x,,,,
Ohio_Electric_Bill_sample,3,10,1,3,-,ConcatText,,,,,,,,,,,,,,
Ohio_Electric_Bill_sample,3,10,1,4,Thank,GeneralText,,,,,,,,,,,,,,
Ohio_Electric_Bill_sample,3,10,1,5,You,GeneralText,,,,,,,,,,,,,,
Ohio_Electric_Bill_sample,3,10,2,1,-59.31,,,x,,,,,,,,,x,,,
Ohio_Electric_Bill_sample,3,11,1,1,Previous,PriceText,,,,,,,,,,,,,,
Ohio_Electric_Bill_sample,3,11,1,2,Balance,PriceText,,,,,,,,,,,,,,
Ohio_Electric_Bill_sample,3,11,1,3,Due,PriceText,,,,,,,,,,,,,,
Ohio_Electric_Bill_sample,3,11,2,1,$,PriceText,,,,,,,,,,,,,,
Ohio_Electric_Bill_sample,3,11,3,1,.00*,,,x,,,,,,,,,,,,
Ohio_Electric_Bill_sample,3,12,1,1,Current,PriceText,,,,,,,,,,,,,,
Ohio_Electric_Bill_sample,3,12,1,2,AEP,PriceText,,,,,,,,,,,,,,
Ohio_Electric_Bill_sample,3,12,1,3,Ohio,PriceText,,,,,,,,,,,,,,
Ohio_Electric_Bill_sample,3,12,1,4,Charges,PriceText,,,,,,,,,,,,,,
Ohio_Electric_Bill_sample,3,13,1,1,$,PriceText,,,,,,,,,,,,,,
Ohio_Electric_Bill_sample,3,13,2,1,44.23,,,x,,,,,,,,,x,,,
Ohio_Electric_Bill_sample,3,14,1,1,17.76,,,x,,,,,,,,,x,,,
Ohio_Electric_Bill_sample,3,15,1,1,30.68,,,x,,,,,,,,,x,,,
Ohio_Electric_Bill_sample,3,16,1,1,8.4,,,x,,,,,,,,,x,,,
Ohio_Electric_Bill_sample,3,17,1,1,1.15,,,x,,,,,,,,,x,,,
Ohio_Electric_Bill_sample,3,18,1,1,1.72,,,x,,,,,,,,,x,,,
Ohio_Electric_Bill_sample,3,19,1,1,0.73,,,x,,,,,,,,,x,,,
Ohio_Electric_Bill_sample,3,20,1,1,$,PriceText,,,,,,,,,,,,,,
Ohio_Electric_Bill_sample,3,20,2,1,104.67*,,,x,,,,,,,,,x,,,
Ohio_Electric_Bill_sample,3,21,1,1,Total,PriceText,,,,,,,,,,,,,,
Ohio_Electric_Bill_sample,3,21,1,2,Balance,PriceText,,,,,,,,,,,,,,
Ohio_Electric_Bill_sample,3,21,1,3,Due,PriceText,,,,,,,,,,,,,,
Ohio_Electric_Bill_sample,3,21,2,1,*Charges,PriceText,,,,,,,,,,,,,,
Ohio_Electric_Bill_sample,3,21,2,2,make,PriceText,,,,,,,,,,,,,,
Ohio_Electric_Bill_sample,3,21,2,3,up,PriceText,,,,,,,,,,,,,,
Ohio_Electric_Bill_sample,3,21,2,4,the,PriceText,,,,,,,,,,,,,,
Ohio_Electric_Bill_sample,3,21,2,5,"""Total",PriceText,,,,,,,,,,,,,,
Ohio_Electric_Bill_sample,3,21,2,6,Balance,PriceText,,,,,,,,,,,,,,
Ohio_Electric_Bill_sample,3,21,2,7,"Due""",PriceText,,,,,,,,,,,,,,
Ohio_Electric_Bill_sample,3,21,3,1,$,PriceText,,,,,,,,,,,,,,
Ohio_Electric_Bill_sample,3,21,4,1,104.67,,,x,,,,,,,,,x,,,
Ohio_Electric_Bill_sample,3,22,1,1,Usage,IntUsageText,,,,,,,,,,,,,,
Ohio_Electric_Bill_sample,3,22,1,2,Details:,IntUsageText,,,,,,,,,,,,,,
Ohio_Electric_Bill_sample,3,23,1,1,Values,IntUsageText,,,,,,,,,,,,,,
Ohio_Electric_Bill_sample,3,23,1,2,reflect,IntUsageText,,,,,,,,,,,,,,
Ohio_Electric_Bill_sample,3,23,1,3,changes,IntUsageText,,,,,,,,,,,,,,
Ohio_Electric_Bill_sample,3,23,1,4,between,RangeText,,,,,,,,,,,,,,
Ohio_Electric_Bill_sample,3,23,1,5,current,RangeText,,,,,,,,,,,,,,
Ohio_Electric_Bill_sample,3,23,1,6,month,RangeText,,,,,,,,,,,,,,
Ohio_Electric_Bill_sample,3,23,1,7,and,RangeText,,,,,,,,,,,,,,
Ohio_Electric_Bill_sample,3,23,1,8,previous,RangeText,,,,,,,,,,,,,,
Ohio_Electric_Bill_sample,3,23,1,9,month.,RangeText,,,,,,,,,,,,,,
Ohio_Electric_Bill_sample,3,24,1,1,Usage:,IntUsageText,,,,,,,,,,,,,,
Ohio_Electric_Bill_sample,3,24,2,1,365,,,x,,,,,,,,,,,x,
Ohio_Electric_Bill_sample,3,24,2,2,kWh,IntUsageText,,,,,,,,,,,,,,
Ohio_Electric_Bill_sample,3,24,3,1,Avg.,IntUsageText,,,,,,,,,,,,,,
Ohio_Electric_Bill_sample,3,24,3,2,Daily,PriceText,,,,,,,,,,,,,,
Ohio_Electric_Bill_sample,3,24,3,3,Cost:,PriceText,,,,,,,,,,,,,,
Ohio_Electric_Bill_sample,3,25,1,1,$1.81 ,,,x,,,,,,,,,x,,,
Ohio_Electric_Bill_sample,3,25,2,1,Avg.,MiscPhraseText,,,,,,,,,,,,,,
Ohio_Electric_Bill_sample,3,25,2,2,Temperature:,MiscPhraseText,,,,,,,,,,,,,,
Ohio_Electric_Bill_sample,3,26,1,1,18,,,x,,,,,,,,,,,x,
Ohio_Electric_Bill_sample,3,26,1,2,°F,MiscPhraseText,,,,,,,,,,,,,,
Ohio_Electric_Bill_sample,3,27,1,1,May,,,x,,,,,,,,x,,,,
Ohio_Electric_Bill_sample,3,27,1,2,'17,,,x,,,,,,,,x,,,,
Ohio_Electric_Bill_sample,3,27,1,3,Apr,,,x,,,,,,,,x,,,,
Ohio_Electric_Bill_sample,3,27,1,4,'18,,,x,,,,,,,,x,,,,
Ohio_Electric_Bill_sample,3,27,1,5,May,,,x,,,,,,,,x,,,,
Ohio_Electric_Bill_sample,3,27,1,6,'18,,,x,,,,,,,,x,,,,
Ohio_Electric_Bill_sample,3,28,1,1,949,,,x,,,,,,,,,,,x,
Ohio_Electric_Bill_sample,3,29,1,1,382,,,x,,,,,,,,,,,x,
Ohio_Electric_Bill_sample,3,29,2,1,747,,,x,,,,,,,,,,,x,
Ohio_Electric_Bill_sample,3,30,1,1,May,,,x,,,,,,,,x,,,,
Ohio_Electric_Bill_sample,3,30,1,2,'17,,,x,,,,,,,,x,,,,
Ohio_Electric_Bill_sample,3,30,1,3,Apr,,,x,,,,,,,,x,,,,
Ohio_Electric_Bill_sample,3,30,1,4,'18,,,x,,,,,,,,x,,,,
Ohio_Electric_Bill_sample,3,30,1,5,May,,,x,,,,,,,,x,,,,
Ohio_Electric_Bill_sample,3,30,1,6,'18,,,x,,,,,,,,x,,,,
Ohio_Electric_Bill_sample,3,31,1,1,$3.65 ,,,x,,,,,,,,,x,,,
Ohio_Electric_Bill_sample,3,32,1,1,$1.80 ,,,x,,,,,,,,,x,,,
Ohio_Electric_Bill_sample,3,32,2,1,$3.61 ,,,x,,,,,,,,,x,,,
Ohio_Electric_Bill_sample,3,33,1,1,May,,,x,,,,,,,,x,,,,
Ohio_Electric_Bill_sample,3,33,1,2,'17,,,x,,,,,,,,x,,,,
Ohio_Electric_Bill_sample,3,33,1,3,Apr,,,x,,,,,,,,x,,,,
Ohio_Electric_Bill_sample,3,33,1,4,'18,,,x,,,,,,,,x,,,,
Ohio_Electric_Bill_sample,3,33,1,5,May,,,x,,,,,,,,x,,,,
Ohio_Electric_Bill_sample,3,33,1,6,'18,,,x,,,,,,,,x,,,,
Ohio_Electric_Bill_sample,3,34,1,1,60ºF,MiscPhraseText,,,,,,,,,,,,,,
Ohio_Electric_Bill_sample,3,35,1,1,43ºF,MiscPhraseText,,,,,,,,,,,,,,
Ohio_Electric_Bill_sample,3,36,1,1,61ºF,MiscPhraseText,,,,,,,,,,,,,,
Ohio_Electric_Bill_sample,3,37,1,1,Total,IntUsageText,,,,,,,,,,,,,,
Ohio_Electric_Bill_sample,3,37,1,2,usage,IntUsageText,,,,,,,,,,,,,,
Ohio_Electric_Bill_sample,3,37,1,3,for,RangeText,,,,,,,,,,,,,,
Ohio_Electric_Bill_sample,3,37,1,4,the,RangeText,,,,,,,,,,,,,,
Ohio_Electric_Bill_sample,3,37,1,5,past,RangeText,,,,,,,,,,,,,,
Ohio_Electric_Bill_sample,3,37,1,6,12,IntUsageText,,,,,,,,,,,,,,
Ohio_Electric_Bill_sample,3,37,1,7,months:,RangeText,,,,,,,,,,,,,,
Ohio_Electric_Bill_sample,3,37,1,8,"8,498",,,x,,,,,,,,,,,x,
Ohio_Electric_Bill_sample,3,37,1,9,kWh,IntUsageText,,,,,,,,,,,,,,
Ohio_Electric_Bill_sample,3,38,1,1,Average,IntUsageText,,,,,,,,,,,,,,
Ohio_Electric_Bill_sample,3,38,1,2,(Avg.),IntUsageText,,,,,,,,,,,,,,
Ohio_Electric_Bill_sample,3,38,1,3,monthly,IntUsageText,,,,,,,,,,,,,,
Ohio_Electric_Bill_sample,3,38,1,4,usage:,IntUsageText,,,,,,,,,,,,,,
Ohio_Electric_Bill_sample,3,38,1,5,708,,,x,,,,,,,,,,,x,
Ohio_Electric_Bill_sample,3,38,1,6,kWh,IntUsageText,,,,,,,,,,,,,,
Ohio_Electric_Bill_sample,3,39,1,1,Meter,IntUsageText,,,,,,,,,,,,,,
Ohio_Electric_Bill_sample,3,39,1,2,Read,IntUsageText,,,,,,,,,,,,,,
Ohio_Electric_Bill_sample,3,39,1,3,Details:,IntUsageText,,,,,,,,,,,,,,
Ohio_Electric_Bill_sample,3,40,1,1,Meter,IntUsageText,,,,,,,,,,,,,,
Ohio_Electric_Bill_sample,3,40,1,2,#999999999,,,x,,,,,,,,,,,,x
Ohio_Electric_Bill_sample,3,41,1,1,Previous,IntUsageText,,,,,,,,,,,,,,
Ohio_Electric_Bill_sample,3,41,2,1,Type,IntUsageText,,,,,,,,,,,,,,
Ohio_Electric_Bill_sample,3,41,3,1,Current,IntUsageText,,,,,,,,,,,,,,
Ohio_Electric_Bill_sample,3,41,4,1,Type,IntUsageText,,,,,,,,,,,,,,
Ohio_Electric_Bill_sample,3,41,5,1,Metered,IntUsageText,,,,,,,,,,,,,,
Ohio_Electric_Bill_sample,3,41,6,1,Usage,IntUsageText,,,,,,,,,,,,,,
Ohio_Electric_Bill_sample,3,42,1,1,167,,,x,,,,,,,,,,,x,
Ohio_Electric_Bill_sample,3,42,2,1,Actual,IntUsageText,,,,,,,,,,,,,,
Ohio_Electric_Bill_sample,3,42,3,1,914,,,x,,,,,,,,,,,x,
Ohio_Electric_Bill_sample,3,42,4,1,Actual,IntUsageText,,,,,,,,,,,,,,
Ohio_Electric_Bill_sample,3,42,5,1,747,,,x,,,,,,,,,,,x,
Ohio_Electric_Bill_sample,3,42,6,1,747,,,x,,,,,,,,,,,x,
Ohio_Electric_Bill_sample,3,42,6,2,kWh,IntUsageText,,,,,,,,,,,,,,
Ohio_Electric_Bill_sample,3,43,1,1,Service,DateText,,,,,,,,,,,,,,
Ohio_Electric_Bill_sample,3,43,1,2,Period,DateText,,,,,,,,,,,,,,
Ohio_Electric_Bill_sample,3,43,1,3,18-Apr,,,x,,,,,,,,x,,,,
Ohio_Electric_Bill_sample,3,43,1,4,-,ConcatText,,,,,,,,,,,,,,
Ohio_Electric_Bill_sample,3,43,1,5,17-May,,,x,,,,,,,,x,,,,
Ohio_Electric_Bill_sample,3,43,2,1,Multiplier,IntUsageText,,,,,,,,,,,,,,
Ohio_Electric_Bill_sample,3,43,2,2,1,GeneralText,,,,,,,,,,,,,,
Ohio_Electric_Bill_sample,3,44,1,1,Next,DateText,,,,,,,,,,,,,,
Ohio_Electric_Bill_sample,3,44,1,2,scheduled,DateText,,,,,,,,,,,,,,
Ohio_Electric_Bill_sample,3,44,1,3,read,DateText,,,,,,,,,,,,,,
Ohio_Electric_Bill_sample,3,44,1,4,date,DateText,,,,,,,,,,,,,,
Ohio_Electric_Bill_sample,3,44,1,5,should,DateText,,,,,,,,,,,,,,
Ohio_Electric_Bill_sample,3,44,1,6,be,DateText,,,,,,,,,,,,,,
Ohio_Electric_Bill_sample,3,44,1,7,between,DateText,,,,,,,,,,,,,,
Ohio_Electric_Bill_sample,3,44,1,8,Jun,,,x,,,,,,,,x,,,,
Ohio_Electric_Bill_sample,3,44,1,9,15,,,x,,,,,,,,x,,,,
Ohio_Electric_Bill_sample,3,44,1,10,and,ConcatText,,,,,,,,,,,,,,
Ohio_Electric_Bill_sample,3,44,1,11,Jun,,,x,,,,,,,,x,,,,
Ohio_Electric_Bill_sample,3,44,1,12,20,,,x,,,,,,,,x,,,,
Ohio_Electric_Bill_sample,3,44,1,13,.,GeneralText,,,,,,,,,,,,,,
Ohio_Electric_Bill_sample,3,45,1,1,Notes,GeneralText,,,,,,,,,,,,,,
Ohio_Electric_Bill_sample,3,45,1,2,from,GeneralText,,,,,,,,,,,,,,
Ohio_Electric_Bill_sample,3,45,1,3,AEP,GeneralText,,,,,,,,,,,,,,
Ohio_Electric_Bill_sample,3,45,1,4,Ohio:,GeneralText,,,,,,,,,,,,,,
Ohio_Electric_Bill_sample,3,46,1,1,Price-to-Compare:,GeneralText,,,,,,,,,,,,,,
Ohio_Electric_Bill_sample,3,46,1,2,For,GeneralText,,,,,,,,,,,,,,
Ohio_Electric_Bill_sample,3,46,1,3,tariff,GeneralText,,,,,,,,,,,,,,
Ohio_Electric_Bill_sample,3,46,1,4,"013,",GeneralText,,,,,,,,,,,,,,
Ohio_Electric_Bill_sample,3,46,1,5,in,GeneralText,,,,,,,,,,,,,,
Ohio_Electric_Bill_sample,3,46,1,6,order,GeneralText,,,,,,,,,,,,,,
Ohio_Electric_Bill_sample,3,46,1,7,for,GeneralText,,,,,,,,,,,,,,
Ohio_Electric_Bill_sample,3,46,1,8,you,GeneralText,,,,,,,,,,,,,,
Ohio_Electric_Bill_sample,3,46,1,9,to,GeneralText,,,,,,,,,,,,,,
Ohio_Electric_Bill_sample,3,46,1,10,save,GeneralText,,,,,,,,,,,,,,
Ohio_Electric_Bill_sample,3,46,1,11,money,GeneralText,,,,,,,,,,,,,,
Ohio_Electric_Bill_sample,3,46,2,1,off,GeneralText,,,,,,,,,,,,,,
Ohio_Electric_Bill_sample,3,46,2,2,of,GeneralText,,,,,,,,,,,,,,
Ohio_Electric_Bill_sample,3,46,2,3,your,GeneralText,,,,,,,,,,,,,,
Ohio_Electric_Bill_sample,3,46,2,4,utility's,GeneralText,,,,,,,,,,,,,,
Ohio_Electric_Bill_sample,3,46,2,5,supply,GeneralText,,,,,,,,,,,,,,
Ohio_Electric_Bill_sample,3,46,2,6,"charges,",GeneralText,,,,,,,,,,,,,,
Ohio_Electric_Bill_sample,3,46,2,7,a,GeneralText,,,,,,,,,,,,,,
Ohio_Electric_Bill_sample,3,46,2,8,supplier,GeneralText,,,,,,,,,,,,,,
Ohio_Electric_Bill_sample,3,46,2,9,must,GeneralText,,,,,,,,,,,,,,
Ohio_Electric_Bill_sample,3,46,2,10,offer,GeneralText,,,,,,,,,,,,,,
Ohio_Electric_Bill_sample,3,46,2,11,you,GeneralText,,,,,,,,,,,,,,
Ohio_Electric_Bill_sample,3,46,2,12,a,GeneralText,,,,,,,,,,,,,,
Ohio_Electric_Bill_sample,3,46,3,1,price,GeneralText,,,,,,,,,,,,,,
Ohio_Electric_Bill_sample,3,46,3,2,lower,GeneralText,,,,,,,,,,,,,,
Ohio_Electric_Bill_sample,3,46,3,3,than,GeneralText,,,,,,,,,,,,,,
Ohio_Electric_Bill_sample,3,46,3,4,AEP,GeneralText,,,,,,,,,,,,,,
Ohio_Electric_Bill_sample,3,46,3,5,Ohio's,GeneralText,,,,,,,,,,,,,,
Ohio_Electric_Bill_sample,3,46,3,6,price,GeneralText,,,,,,,,,,,,,,
Ohio_Electric_Bill_sample,3,46,3,7,of,GeneralText,,,,,,,,,,,,,,
Ohio_Electric_Bill_sample,3,46,3,8,$0.06 ,GeneralText,,,,,,,,,,,,,,
Ohio_Electric_Bill_sample,3,46,3,9,per,GeneralText,,,,,,,,,,,,,,
Ohio_Electric_Bill_sample,3,46,3,10,kWh,GeneralText,,,,,,,,,,,,,,
Ohio_Electric_Bill_sample,3,46,3,11,for,GeneralText,,,,,,,,,,,,,,
Ohio_Electric_Bill_sample,3,46,3,12,the,GeneralText,,,,,,,,,,,,,,
Ohio_Electric_Bill_sample,3,46,3,13,same,GeneralText,,,,,,,,,,,,,,
Ohio_Electric_Bill_sample,3,46,4,1,usage,GeneralText,,,,,,,,,,,,,,
Ohio_Electric_Bill_sample,3,46,4,2,that,GeneralText,,,,,,,,,,,,,,
Ohio_Electric_Bill_sample,3,46,4,3,appears,GeneralText,,,,,,,,,,,,,,
Ohio_Electric_Bill_sample,3,46,4,4,on,GeneralText,,,,,,,,,,,,,,
Ohio_Electric_Bill_sample,3,46,4,5,this,GeneralText,,,,,,,,,,,,,,
Ohio_Electric_Bill_sample,3,46,4,6,bill.,GeneralText,,,,,,,,,,,,,,
Ohio_Electric_Bill_sample,3,46,4,7,To,GeneralText,,,,,,,,,,,,,,
Ohio_Electric_Bill_sample,3,46,4,8,review,GeneralText,,,,,,,,,,,,,,
Ohio_Electric_Bill_sample,3,46,4,9,available,GeneralText,,,,,,,,,,,,,,
Ohio_Electric_Bill_sample,3,46,4,10,competitive,GeneralText,,,,,,,,,,,,,,
Ohio_Electric_Bill_sample,3,46,5,1,supplier,GeneralText,,,,,,,,,,,,,,
Ohio_Electric_Bill_sample,3,46,5,2,"offers,",GeneralText,,,,,,,,,,,,,,
Ohio_Electric_Bill_sample,3,46,5,3,visit,GeneralText,,,,,,,,,,,,,,
Ohio_Electric_Bill_sample,3,46,5,4,the,GeneralText,,,,,,,,,,,,,,
Ohio_Electric_Bill_sample,3,46,5,5,Public,GeneralText,,,,,,,,,,,,,,
Ohio_Electric_Bill_sample,3,46,5,6,Utilities,GeneralText,,,,,,,,,,,,,,
Ohio_Electric_Bill_sample,3,46,5,7,Commission,GeneralText,,,,,,,,,,,,,,
Ohio_Electric_Bill_sample,3,46,5,8,of,GeneralText,,,,,,,,,,,,,,
Ohio_Electric_Bill_sample,3,46,5,9,Ohio's,GeneralText,,,,,,,,,,,,,,
Ohio_Electric_Bill_sample,3,46,6,1,"""Energy",GeneralText,,,,,,,,,,,,,,
Ohio_Electric_Bill_sample,3,46,6,2,Choice,GeneralText,,,,,,,,,,,,,,
Ohio_Electric_Bill_sample,3,46,6,3,"Ohio""",GeneralText,,,,,,,,,,,,,,
Ohio_Electric_Bill_sample,3,46,6,4,web,GeneralText,,,,,,,,,,,,,,
Ohio_Electric_Bill_sample,3,46,6,5,site,GeneralText,,,,,,,,,,,,,,
Ohio_Electric_Bill_sample,3,46,6,6,at,GeneralText,,,,,,,,,,,,,,
Ohio_Electric_Bill_sample,3,46,6,7,www.energychoice.ohio.gov.,GeneralText,,,,,,,,,,,,,,
Ohio_Electric_Bill_sample,3,47,1,1,For,GeneralText,,,,,,,,,,,,,,
Ohio_Electric_Bill_sample,3,47,1,2,Informational,GeneralText,,,,,,,,,,,,,,
Ohio_Electric_Bill_sample,3,47,1,3,Purposes,GeneralText,,,,,,,,,,,,,,
Ohio_Electric_Bill_sample,3,47,1,4,only:,GeneralText,,,,,,,,,,,,,,
Ohio_Electric_Bill_sample,3,47,1,5,The,GeneralText,,,,,,,,,,,,,,
Ohio_Electric_Bill_sample,3,47,1,6,below,GeneralText,,,,,,,,,,,,,,
Ohio_Electric_Bill_sample,3,47,1,7,costs,GeneralText,,,,,,,,,,,,,,
Ohio_Electric_Bill_sample,3,47,1,8,are,GeneralText,,,,,,,,,,,,,,
Ohio_Electric_Bill_sample,3,47,1,9,NOT,GeneralText,,,,,,,,,,,,,,
Ohio_Electric_Bill_sample,3,47,1,10,NEW,GeneralText,,,,,,,,,,,,,,
Ohio_Electric_Bill_sample,3,47,2,1,CHARGES,GeneralText,,,,,,,,,,,,,,
Ohio_Electric_Bill_sample,3,47,2,2,and,GeneralText,,,,,,,,,,,,,,
Ohio_Electric_Bill_sample,3,47,2,3,are,GeneralText,,,,,,,,,,,,,,
Ohio_Electric_Bill_sample,3,47,2,4,approximate,GeneralText,,,,,,,,,,,,,,
Ohio_Electric_Bill_sample,3,47,2,5,values.,GeneralText,,,,,,,,,,,,,,
Ohio_Electric_Bill_sample,3,47,2,6,AEP,GeneralText,,,,,,,,,,,,,,
Ohio_Electric_Bill_sample,3,47,2,7,participates,GeneralText,,,,,,,,,,,,,,
Ohio_Electric_Bill_sample,3,47,2,8,in,GeneralText,,,,,,,,,,,,,,
Ohio_Electric_Bill_sample,3,47,3,1,programs,GeneralText,,,,,,,,,,,,,,
Ohio_Electric_Bill_sample,3,47,3,2,required,GeneralText,,,,,,,,,,,,,,
Ohio_Electric_Bill_sample,3,47,3,3,by,GeneralText,,,,,,,,,,,,,,
Ohio_Electric_Bill_sample,3,47,3,4,the,GeneralText,,,,,,,,,,,,,,
Ohio_Electric_Bill_sample,3,47,3,5,state,GeneralText,,,,,,,,,,,,,,
Ohio_Electric_Bill_sample,3,47,3,6,of,GeneralText,,,,,,,,,,,,,,
Ohio_Electric_Bill_sample,3,47,3,7,Ohio,GeneralText,,,,,,,,,,,,,,
Ohio_Electric_Bill_sample,3,47,3,8,to,GeneralText,,,,,,,,,,,,,,
Ohio_Electric_Bill_sample,3,47,3,9,support,GeneralText,,,,,,,,,,,,,,
Ohio_Electric_Bill_sample,3,47,3,10,energy,GeneralText,,,,,,,,,,,,,,
Ohio_Electric_Bill_sample,3,47,4,1,conservation,GeneralText,,,,,,,,,,,,,,
Ohio_Electric_Bill_sample,3,47,4,2,and,GeneralText,,,,,,,,,,,,,,
Ohio_Electric_Bill_sample,3,47,4,3,to,GeneralText,,,,,,,,,,,,,,
Ohio_Electric_Bill_sample,3,47,4,4,secure,GeneralText,,,,,,,,,,,,,,
Ohio_Electric_Bill_sample,3,47,4,5,renewable,GeneralText,,,,,,,,,,,,,,
Ohio_Electric_Bill_sample,3,47,4,6,energy,GeneralText,,,,,,,,,,,,,,
Ohio_Electric_Bill_sample,3,47,4,7,resources.,GeneralText,,,,,,,,,,,,,,
Ohio_Electric_Bill_sample,3,47,4,8,For,GeneralText,,,,,,,,,,,,,,
Ohio_Electric_Bill_sample,3,47,4,9,more,GeneralText,,,,,,,,,,,,,,
Ohio_Electric_Bill_sample,3,47,5,1,information,GeneralText,,,,,,,,,,,,,,
Ohio_Electric_Bill_sample,3,47,5,2,on,GeneralText,,,,,,,,,,,,,,
Ohio_Electric_Bill_sample,3,47,5,3,energy,GeneralText,,,,,,,,,,,,,,
Ohio_Electric_Bill_sample,3,47,5,4,efficiency,GeneralText,,,,,,,,,,,,,,
Ohio_Electric_Bill_sample,3,47,5,5,"programs,",GeneralText,,,,,,,,,,,,,,
Ohio_Electric_Bill_sample,3,47,5,6,please,GeneralText,,,,,,,,,,,,,,
Ohio_Electric_Bill_sample,3,47,5,7,visit,GeneralText,,,,,,,,,,,,,,
Ohio_Electric_Bill_sample,3,47,6,1,aepohio.com/ItsYourPower.,GeneralText,,,,,,,,,,,,,,
Ohio_Electric_Bill_sample,3,48,1,1,Renewable,GeneralText,,,,,,,,,,,,,,
Ohio_Electric_Bill_sample,3,48,1,2,Programs:,GeneralText,,,,,,,,,,,,,,
Ohio_Electric_Bill_sample,3,48,1,3,$0.73 ,GeneralText,,,,,,,,,,,,,,
Ohio_Electric_Bill_sample,3,48,2,1,Energy,GeneralText,,,,,,,,,,,,,,
Ohio_Electric_Bill_sample,3,48,2,2,Efficiency,GeneralText,,,,,,,,,,,,,,
Ohio_Electric_Bill_sample,3,48,2,3,Programs:,GeneralText,,,,,,,,,,,,,,
Ohio_Electric_Bill_sample,3,48,2,4,$1.84 ,GeneralText,,,,,,,,,,,,,,
Ohio_Electric_Bill_sample,3,48,3,1,Peak,GeneralText,,,,,,,,,,,,,,
Ohio_Electric_Bill_sample,3,48,3,2,Demand,GeneralText,,,,,,,,,,,,,,
Ohio_Electric_Bill_sample,3,48,3,3,Reduction,GeneralText,,,,,,,,,,,,,,
Ohio_Electric_Bill_sample,3,48,3,4,Programs:,GeneralText,,,,,,,,,,,,,,
Ohio_Electric_Bill_sample,3,48,3,5,$0.70 ,GeneralText,,,,,,,,,,,,,,
Ohio_Electric_Bill_sample,3,49,1,1,Due,GeneralText,,,,,,,,,,,,,,
Ohio_Electric_Bill_sample,3,49,1,2,date,GeneralText,,,,,,,,,,,,,,
Ohio_Electric_Bill_sample,3,49,1,3,does,GeneralText,,,,,,,,,,,,,,
Ohio_Electric_Bill_sample,3,49,1,4,not,GeneralText,,,,,,,,,,,,,,
Ohio_Electric_Bill_sample,3,49,1,5,apply,GeneralText,,,,,,,,,,,,,,
Ohio_Electric_Bill_sample,3,49,1,6,to,GeneralText,,,,,,,,,,,,,,
Ohio_Electric_Bill_sample,3,49,1,7,previous,GeneralText,,,,,,,,,,,,,,
Ohio_Electric_Bill_sample,3,49,1,8,balance,GeneralText,,,,,,,,,,,,,,
Ohio_Electric_Bill_sample,3,49,1,9,due.,GeneralText,,,,,,,,,,,,,,
Ohio_Electric_Bill_sample,3,50,1,1,Register,GeneralText,,,,,,,,,,,,,,
Ohio_Electric_Bill_sample,3,50,1,2,for,GeneralText,,,,,,,,,,,,,,
Ohio_Electric_Bill_sample,3,50,1,3,online,GeneralText,,,,,,,,,,,,,,
Ohio_Electric_Bill_sample,3,50,1,4,services,GeneralText,,,,,,,,,,,,,,
Ohio_Electric_Bill_sample,3,50,1,5,at,GeneralText,,,,,,,,,,,,,,
Ohio_Electric_Bill_sample,3,50,1,6,www.AEPOhio.com.,GeneralText,,,,,,,,,,,,,,
Ohio_Electric_Bill_sample,3,50,1,7,Registration,GeneralText,,,,,,,,,,,,,,
Ohio_Electric_Bill_sample,3,50,1,8,is,GeneralText,,,,,,,,,,,,,,
Ohio_Electric_Bill_sample,3,50,2,1,free,GeneralText,,,,,,,,,,,,,,
Ohio_Electric_Bill_sample,3,50,2,2,and,GeneralText,,,,,,,,,,,,,,
Ohio_Electric_Bill_sample,3,50,2,3,easy,GeneralText,,,,,,,,,,,,,,
Ohio_Electric_Bill_sample,3,50,2,4,and,GeneralText,,,,,,,,,,,,,,
Ohio_Electric_Bill_sample,3,50,2,5,gives,GeneralText,,,,,,,,,,,,,,
Ohio_Electric_Bill_sample,3,50,2,6,you,GeneralText,,,,,,,,,,,,,,
Ohio_Electric_Bill_sample,3,50,2,7,the,GeneralText,,,,,,,,,,,,,,
Ohio_Electric_Bill_sample,3,50,2,8,convenience,GeneralText,,,,,,,,,,,,,,
Ohio_Electric_Bill_sample,3,50,2,9,of,GeneralText,,,,,,,,,,,,,,
Ohio_Electric_Bill_sample,3,50,2,10,24-hour,GeneralText,,,,,,,,,,,,,,
Ohio_Electric_Bill_sample,3,50,2,11,access,GeneralText,,,,,,,,,,,,,,
Ohio_Electric_Bill_sample,3,50,2,12,to,GeneralText,,,,,,,,,,,,,,
Ohio_Electric_Bill_sample,3,50,3,1,your,GeneralText,,,,,,,,,,,,,,
Ohio_Electric_Bill_sample,3,50,3,2,account.,GeneralText,,,,,,,,,,,,,,
Ohio_Electric_Bill_sample,3,50,3,3,You,GeneralText,,,,,,,,,,,,,,
Ohio_Electric_Bill_sample,3,50,3,4,can,GeneralText,,,,,,,,,,,,,,
Ohio_Electric_Bill_sample,3,50,3,5,sign,GeneralText,,,,,,,,,,,,,,
Ohio_Electric_Bill_sample,3,50,3,6,up,GeneralText,,,,,,,,,,,,,,
Ohio_Electric_Bill_sample,3,50,3,7,for,GeneralText,,,,,,,,,,,,,,
Ohio_Electric_Bill_sample,3,50,3,8,paperless,GeneralText,,,,,,,,,,,,,,
Ohio_Electric_Bill_sample,3,50,3,9,"billing,",GeneralText,,,,,,,,,,,,,,
Ohio_Electric_Bill_sample,3,50,3,10,view,GeneralText,,,,,,,,,,,,,,
Ohio_Electric_Bill_sample,3,50,3,11,your,GeneralText,,,,,,,,,,,,,,
Ohio_Electric_Bill_sample,3,50,3,12,"bill,",GeneralText,,,,,,,,,,,,,,
Ohio_Electric_Bill_sample,3,50,4,1,check,GeneralText,,,,,,,,,,,,,,
Ohio_Electric_Bill_sample,3,50,4,2,your,GeneralText,,,,,,,,,,,,,,
Ohio_Electric_Bill_sample,3,50,4,3,"usage,",GeneralText,,,,,,,,,,,,,,
Ohio_Electric_Bill_sample,3,50,4,4,update,GeneralText,,,,,,,,,,,,,,
Ohio_Electric_Bill_sample,3,50,4,5,your,GeneralText,,,,,,,,,,,,,,
Ohio_Electric_Bill_sample,3,50,4,6,contact,GeneralText,,,,,,,,,,,,,,
Ohio_Electric_Bill_sample,3,50,4,7,"information,",GeneralText,,,,,,,,,,,,,,
Ohio_Electric_Bill_sample,3,50,4,8,and,GeneralText,,,,,,,,,,,,,,
Ohio_Electric_Bill_sample,3,50,4,9,much,GeneralText,,,,,,,,,,,,,,
Ohio_Electric_Bill_sample,3,50,5,1,more.,GeneralText,,,,,,,,,,,,,,
Ohio_Electric_Bill_sample,3,51,1,1,Tariff,GeneralText,,,,,,,,,,,,,,
Ohio_Electric_Bill_sample,3,51,1,2,13,GeneralText,,,,,,,,,,,,,,
Ohio_Electric_Bill_sample,3,51,1,3,-,GeneralText,,,,,,,,,,,,,,
Ohio_Electric_Bill_sample,3,51,1,4,Residential,GeneralText,,,,,,,,,,,,,,
Ohio_Electric_Bill_sample,3,51,1,5,Service,GeneralText,,,,,,,,,,,,,,
Ohio_Electric_Bill_sample,3,51,1,6,5/17/2018,GeneralText,,,,,,,,,,,,,,
Ohio_Electric_Bill_sample,3,51,2,1,Service,GeneralText,,,,,,,,,,,,,,
Ohio_Electric_Bill_sample,3,51,2,2,Delivery,GeneralText,,,,,,,,,,,,,,
Ohio_Electric_Bill_sample,3,51,2,3,Identifier:,GeneralText,,,,,,,,,,,,,,
Ohio_Electric_Bill_sample,3,51,2,4,0,GeneralText,,,,,,,,,,,,,,
Ohio_Electric_Bill_sample,3,52,1,1,Generation,GeneralText,,,,,,,,,,,,,,
Ohio_Electric_Bill_sample,3,52,1,2,Service,GeneralText,,,,,,,,,,,,,,
Ohio_Electric_Bill_sample,3,52,1,3,(Supply),GeneralText,,,,,,,,,,,,,,
Ohio_Electric_Bill_sample,3,53,1,1,Transmission,GeneralText,,,,,,,,,,,,,,
Ohio_Electric_Bill_sample,3,53,1,2,Service,GeneralText,,,,,,,,,,,,,,
Ohio_Electric_Bill_sample,3,54,1,1,Distribution,GeneralText,,,,,,,,,,,,,,
Ohio_Electric_Bill_sample,3,54,1,2,Service,GeneralText,,,,,,,,,,,,,,
Ohio_Electric_Bill_sample,3,55,1,1,Customer,GeneralText,,,,,,,,,,,,,,
Ohio_Electric_Bill_sample,3,55,1,2,Charge,GeneralText,,,,,,,,,,,,,,
Ohio_Electric_Bill_sample,3,56,1,1,Retail,GeneralText,,,,,,,,,,,,,,
Ohio_Electric_Bill_sample,3,56,1,2,Stability,GeneralText,,,,,,,,,,,,,,
Ohio_Electric_Bill_sample,3,56,1,3,Rider,GeneralText,,,,,,,,,,,,,,
Ohio_Electric_Bill_sample,3,57,1,1,Deferred,GeneralText,,,,,,,,,,,,,,
Ohio_Electric_Bill_sample,3,57,1,2,Asset,GeneralText,,,,,,,,,,,,,,
Ohio_Electric_Bill_sample,3,57,1,3,Phase-In,GeneralText,,,,,,,,,,,,,,
Ohio_Electric_Bill_sample,3,57,1,4,Rider,GeneralText,,,,,,,,,,,,,,
Ohio_Electric_Bill_sample,3,58,1,1,Power,GeneralText,,,,,,,,,,,,,,
Ohio_Electric_Bill_sample,3,58,1,2,Purchase,GeneralText,,,,,,,,,,,,,,
Ohio_Electric_Bill_sample,3,58,1,3,Agreement,GeneralText,,,,,,,,,,,,,,
Ohio_Electric_Bill_sample,3,58,1,4,Rider,GeneralText,,,,,,,,,,,,,,
Ohio_Electric_Bill_sample,3,59,1,1,Current,GeneralText,,,,,,,,,,,,,,
Ohio_Electric_Bill_sample,3,59,1,2,Electric,GeneralText,,,,,,,,,,,,,,
Ohio_Electric_Bill_sample,3,59,1,3,Charges,GeneralText,,,,,,,,,,,,,,
