filename,page,block,line,word,text,unknown_character,unknown_digit,variable,name,address,date,year,price,account_number,int_usage,misc_phrase,text_type
Bethesda_MD_Electric_Bill_sample,1,4,1,1,An,,,,,,,,,,,,Intro
Bethesda_MD_Electric_Bill_sample,1,4,1,2,Exelon,,,,,,,,,,,,Intro
Bethesda_MD_Electric_Bill_sample,1,4,1,3,Company,,,,,,,,,,,,Intro
Bethesda_MD_Electric_Bill_sample,1,6,1,1,111•1111,,X,,,,,,,,,,Unknown
Bethesda_MD_Electric_Bill_sample,1,6,1,2,•111•1•11l1,,X,,,,,,,,,,Unknown
Bethesda_MD_Electric_Bill_sample,1,6,1,3,111,,,,,,,,,,,,PageHeader
Bethesda_MD_Electric_Bill_sample,1,6,1,4,l11l1••'111•l•'lll'i'l•i''•'illll'l,,X,,,,,,,,,,Unknown
Bethesda_MD_Electric_Bill_sample,1,6,1,5,•l•l•,X,,,,,,,,,,,Unknown
Bethesda_MD_Electric_Bill_sample,1,6,1,6,I••,X,,,,,,,,,,,Unknown
Bethesda_MD_Electric_Bill_sample,1,7,1,1,~~~,X,,,,,,,,,,,Unknown
Bethesda_MD_Electric_Bill_sample,1,7,2,1,~,X,,,,,,,,,,,Unknown
Bethesda_MD_Electric_Bill_sample,1,8,1,1,l111111l11111111,,X,,,,,,,,,,Unknown
Bethesda_MD_Electric_Bill_sample,1,8,1,2,11111111l111111lllll,,X,,,,,,,,,,Unknown
Bethesda_MD_Electric_Bill_sample,1,8,1,3,1ll11,,X,,,,,,,,,,Unknown
Bethesda_MD_Electric_Bill_sample,1,8,1,4,llll,X,,,,,,,,,,,Unknown
Bethesda_MD_Electric_Bill_sample,1,8,1,5,11l1lll11l1111lll11l,,X,,,,,,,,,,Unknown
Bethesda_MD_Electric_Bill_sample,1,9,1,1,3,,,,,,,,,,,,PageHeader
Bethesda_MD_Electric_Bill_sample,1,9,1,2,10000008,,,,,,,,,,,,PageHeader
Bethesda_MD_Electric_Bill_sample,1,9,1,3,13,,,,,,,,,,,,PageHeader
Bethesda_MD_Electric_Bill_sample,1,8,1,5,11l1lll11l1111lll11l,,X,,,,,,,,,,Unknown
Bethesda_MD_Electric_Bill_sample,1,10,1,1,Your,,,,,,,,,,,,BillHeader
Bethesda_MD_Electric_Bill_sample,1,10,1,2,electric,,,,,,,,,,,,BillHeader
Bethesda_MD_Electric_Bill_sample,1,10,1,3,bill,,,,,,,,,,,,BillHeader
Bethesda_MD_Electric_Bill_sample,1,10,1,4,-,,,,,,,,,,,,BillHeader
Bethesda_MD_Electric_Bill_sample,1,10,1,5,Jul,,,X,,,X,,,,,,Variable
Bethesda_MD_Electric_Bill_sample,1,10,1,6,2017,,,X,,,X,,,,,,Variable
Bethesda_MD_Electric_Bill_sample,1,10,2,1,for,,,,,,,,,,,,RangeText
Bethesda_MD_Electric_Bill_sample,1,10,2,2,the,,,,,,,,,,,,RangeText
Bethesda_MD_Electric_Bill_sample,1,10,2,3,period,,,,,,,,,,,,RangeText
Bethesda_MD_Electric_Bill_sample,1,10,2,4,June,,,X,,,X,,,,,,Variable
Bethesda_MD_Electric_Bill_sample,1,10,2,5,"6,",,,X,,,X,,,,,,Variable
Bethesda_MD_Electric_Bill_sample,1,10,2,6,2017,,,X,,,X,,,,,,Variable
Bethesda_MD_Electric_Bill_sample,1,10,2,8,July,,,X,,,X,,,,,,Variable
Bethesda_MD_Electric_Bill_sample,1,10,2,9,"6,",,,X,,,X,,,,,,Variable
Bethesda_MD_Electric_Bill_sample,1,10,2,10,2017,,,X,,,X,,,,,,Variable
Bethesda_MD_Electric_Bill_sample,1,11,1,1,PEPCO,,,X,,,X,,,,,,Variable
Bethesda_MD_Electric_Bill_sample,1,11,1,2,MD,,,X,X,,,,,,,,Variable
Bethesda_MD_Electric_Bill_sample,1,11,1,3,CUSTOMER,,,X,X,,,,,,,,Variable
Bethesda_MD_Electric_Bill_sample,1,12,1,1,Account,,,,,,,,,,,,AccountNumberText
Bethesda_MD_Electric_Bill_sample,1,12,1,2,number:,,,,,,,,,,,,AccountNumberText
Bethesda_MD_Electric_Bill_sample,1,12,1,3,123,,,X,,,,,,X,,,Variable
Bethesda_MD_Electric_Bill_sample,1,12,1,4,4567,,,X,,,,,,X,,,Variable
Bethesda_MD_Electric_Bill_sample,1,12,1,5,890,,,X,,,,,,X,,,Variable
Bethesda_MD_Electric_Bill_sample,1,12,2,1,Your,,,,,,,,,,,,AddressText
Bethesda_MD_Electric_Bill_sample,1,12,2,2,service,,,,,,,,,,,,AddressText
Bethesda_MD_Electric_Bill_sample,1,12,2,3,address:,,,,,,,,,,,,AddressText
Bethesda_MD_Electric_Bill_sample,1,12,2,4,123,,,X,,X,,,,,,,Variable
Bethesda_MD_Electric_Bill_sample,1,12,2,5,MAIN,,,X,,X,,,,,,,Variable
Bethesda_MD_Electric_Bill_sample,1,12,2,6,ST,,,X,,X,,,,,,,Variable
Bethesda_MD_Electric_Bill_sample,1,12,3,1,BETHESDA,,,X,,X,,,,,,,Variable
Bethesda_MD_Electric_Bill_sample,1,12,3,2,MD,,,X,,X,,,,,,,Variable
Bethesda_MD_Electric_Bill_sample,1,12,3,3,20814,,,X,,X,,,,,,,Variable
Bethesda_MD_Electric_Bill_sample,1,12,4,1,Bill,,,,,,,,,,,,DateText
Bethesda_MD_Electric_Bill_sample,1,12,4,2,Issue,,,,,,,,,,,,DateText
Bethesda_MD_Electric_Bill_sample,1,12,4,3,date:,,,,,,,,,,,,DateText
Bethesda_MD_Electric_Bill_sample,1,12,4,4,Jul,,,X,,,X,,,,,,Variable
Bethesda_MD_Electric_Bill_sample,1,12,4,5,"7,",,,X,,,X,,,,,,Variable
Bethesda_MD_Electric_Bill_sample,1,12,4,6,2017,,,X,,,X,,,,,,Variable
Bethesda_MD_Electric_Bill_sample,1,13,1,1,Summary,,,,,,,,,,,,PriceText
Bethesda_MD_Electric_Bill_sample,1,13,1,2,of,,,,,,,,,,,,PriceText
Bethesda_MD_Electric_Bill_sample,1,13,1,3,your,,,,,,,,,,,,PriceText
Bethesda_MD_Electric_Bill_sample,1,13,1,4,charges,,,,,,,,,,,,PriceText
Bethesda_MD_Electric_Bill_sample,1,13,2,1,Balance,,,,,,,,,,,,PriceText
Bethesda_MD_Electric_Bill_sample,1,13,2,2,from,,,,,,,,,,,,PriceText
Bethesda_MD_Electric_Bill_sample,1,13,2,3,your,,,,,,,,,,,,PriceText
Bethesda_MD_Electric_Bill_sample,1,13,2,4,last,,,,,,,,,,,,PriceText
Bethesda_MD_Electric_Bill_sample,1,13,2,5,bill,,,,,,,,,,,,PriceText
Bethesda_MD_Electric_Bill_sample,1,13,3,1,Your,,,,,,,,,,,,PriceText
Bethesda_MD_Electric_Bill_sample,1,13,3,2,payment(s),,,,,,,,,,,,PriceText
Bethesda_MD_Electric_Bill_sample,1,13,3,3,-,,,,,,,,,,,,PriceText
Bethesda_MD_Electric_Bill_sample,1,13,3,4,thank,,,,,,,,,,,,PriceText
Bethesda_MD_Electric_Bill_sample,1,13,3,5,you,,,,,,,,,,,,PriceText
Bethesda_MD_Electric_Bill_sample,1,13,4,1,$56.07 ,,,X,,,,,X,,,,Variable
Bethesda_MD_Electric_Bill_sample,1,13,6,1,Balance,,,,,,,,,,,,PriceText
Bethesda_MD_Electric_Bill_sample,1,13,6,2,forward,,,,,,,,,,,,PriceText
Bethesda_MD_Electric_Bill_sample,1,13,6,3,as,,,,,,,,,,,,PriceText
Bethesda_MD_Electric_Bill_sample,1,13,6,4,of,,,,,,,,,,,,PriceText
Bethesda_MD_Electric_Bill_sample,1,13,6,5,Jul,,,X,,,X,,,,,,Variable
Bethesda_MD_Electric_Bill_sample,1,13,6,6,"7,",,,X,,,X,,,,,,Variable
Bethesda_MD_Electric_Bill_sample,1,13,6,7,2017,,,X,,,X,,,,,,Variable
Bethesda_MD_Electric_Bill_sample,1,13,7,1,$0.00 ,,,X,,,,,X,,,,Variable
Bethesda_MD_Electric_Bill_sample,1,13,8,1,New,,,,,,,,,,,,PriceText
Bethesda_MD_Electric_Bill_sample,1,13,8,2,electric,,,,,,,,,,,,PriceText
Bethesda_MD_Electric_Bill_sample,1,13,8,3,charges,,,,,,,,,,,,PriceText
Bethesda_MD_Electric_Bill_sample,1,13,9,1,$67.04 ,,,X,,,,,X,,,,Variable
Bethesda_MD_Electric_Bill_sample,1,13,10,1,Total,,,,,,,,,,,,PriceText
Bethesda_MD_Electric_Bill_sample,1,13,10,2,amount,,,,,,,,,,,,PriceText
Bethesda_MD_Electric_Bill_sample,1,13,10,3,due,,,,,,,,,,,,PriceText
Bethesda_MD_Electric_Bill_sample,1,13,10,4,by,,,,,,,,,,,,PriceText
Bethesda_MD_Electric_Bill_sample,1,13,10,5,Jul,,,X,,,X,,,,,,Variable
Bethesda_MD_Electric_Bill_sample,1,13,10,6,"28,",,,X,,,X,,,,,,Variable
Bethesda_MD_Electric_Bill_sample,1,13,10,7,2017,,,X,,,X,,,,,,Variable
Bethesda_MD_Electric_Bill_sample,1,13,11,1,$67.04 ,,,X,,,,,X,,,,Variable
Bethesda_MD_Electric_Bill_sample,1,14,1,1,After,,,,,,,,,,,,PriceText
Bethesda_MD_Electric_Bill_sample,1,14,1,2,Jul,,,X,,,X,,,,,,Variable
Bethesda_MD_Electric_Bill_sample,1,14,1,3,"28,",,,X,,,X,,,,,,Variable
Bethesda_MD_Electric_Bill_sample,1,14,1,4,"2017,",,,X,,,X,,,,,,Variable
Bethesda_MD_Electric_Bill_sample,1,14,1,5,a,,,,,,,,,,,,PriceText
Bethesda_MD_Electric_Bill_sample,1,14,1,6,Late,,,,,,,,,,,,PriceText
Bethesda_MD_Electric_Bill_sample,1,14,1,7,Payment,,,,,,,,,,,,PriceText
Bethesda_MD_Electric_Bill_sample,1,14,1,8,Charge,,,,,,,,,,,,PriceText
Bethesda_MD_Electric_Bill_sample,1,14,1,9,of,,,,,,,,,,,,PriceText
Bethesda_MD_Electric_Bill_sample,1,14,1,10,$1.40 ,,,X,,,,,X,,,,Variable
Bethesda_MD_Electric_Bill_sample,1,14,1,11,will,,,,,,,,,,,,PriceText
Bethesda_MD_Electric_Bill_sample,1,14,1,12,be,,,,,,,,,,,,PriceText
Bethesda_MD_Electric_Bill_sample,1,14,2,1,"added,",,,,,,,,,,,,PriceText
Bethesda_MD_Electric_Bill_sample,1,14,2,2,increasing,,,,,,,,,,,,PriceText
Bethesda_MD_Electric_Bill_sample,1,14,2,3,the,,,,,,,,,,,,PriceText
Bethesda_MD_Electric_Bill_sample,1,14,2,4,amount,,,,,,,,,,,,PriceText
Bethesda_MD_Electric_Bill_sample,1,14,2,5,due,,,,,,,,,,,,PriceText
Bethesda_MD_Electric_Bill_sample,1,14,2,6,to,,,,,,,,,,,,PriceText
Bethesda_MD_Electric_Bill_sample,1,14,2,7,$95.69.,,,X,,,,,X,,,,Variable
Bethesda_MD_Electric_Bill_sample,1,15,1,1,Your,,,,,,,,,,,,GeneralText
Bethesda_MD_Electric_Bill_sample,1,15,1,2,smart,,,,,,,,,,,,GeneralText
Bethesda_MD_Electric_Bill_sample,1,15,1,3,electric,,,,,,,,,,,,GeneralText
Bethesda_MD_Electric_Bill_sample,1,15,1,4,meter,,,,,,,,,,,,GeneralText
Bethesda_MD_Electric_Bill_sample,1,15,1,5,is,,,,,,,,,,,,GeneralText
Bethesda_MD_Electric_Bill_sample,1,15,1,6,read,,,,,,,,,,,,GeneralText
Bethesda_MD_Electric_Bill_sample,1,15,1,7,wirelessly.,,,,,,,,,,,,GeneralText
Bethesda_MD_Electric_Bill_sample,1,15,1,8,Visit,,,,,,,,,,,,GeneralText
Bethesda_MD_Electric_Bill_sample,1,15,1,9,My,,,,,,,,,,,,GeneralText
Bethesda_MD_Electric_Bill_sample,1,15,1,10,Account,,,,,,,,,,,,GeneralText
Bethesda_MD_Electric_Bill_sample,1,15,1,11,at,,,,,,,,,,,,GeneralText
Bethesda_MD_Electric_Bill_sample,1,15,2,1,pepco.com,,,,,,,,,,,,GeneralText
Bethesda_MD_Electric_Bill_sample,1,15,2,2,to,,,,,,,,,,,,GeneralText
Bethesda_MD_Electric_Bill_sample,1,15,2,3,view,,,,,,,,,,,,GeneralText
Bethesda_MD_Electric_Bill_sample,1,15,2,4,your,,,,,,,,,,,,GeneralText
Bethesda_MD_Electric_Bill_sample,1,15,2,5,daily,,,,,,,,,,,,GeneralText
Bethesda_MD_Electric_Bill_sample,1,15,2,6,and,,,,,,,,,,,,GeneralText
Bethesda_MD_Electric_Bill_sample,1,15,2,7,hourly,,,,,,,,,,,,GeneralText
Bethesda_MD_Electric_Bill_sample,1,15,2,8,energy,,,,,,,,,,,,GeneralText
Bethesda_MD_Electric_Bill_sample,1,15,2,9,usage.,,,,,,,,,,,,GeneralText
Bethesda_MD_Electric_Bill_sample,1,16,1,1,If,,,,,,,,,,,,GeneralText
Bethesda_MD_Electric_Bill_sample,1,16,1,2,you,,,,,,,,,,,,GeneralText
Bethesda_MD_Electric_Bill_sample,1,16,1,3,are,,,,,,,,,,,,GeneralText
Bethesda_MD_Electric_Bill_sample,1,16,1,4,moving,,,,,,,,,,,,GeneralText
Bethesda_MD_Electric_Bill_sample,1,16,1,5,or,,,,,,,,,,,,GeneralText
Bethesda_MD_Electric_Bill_sample,1,16,1,6,discontinuing,,,,,,,,,,,,GeneralText
Bethesda_MD_Electric_Bill_sample,1,16,1,7,"service,",,,,,,,,,,,,GeneralText
Bethesda_MD_Electric_Bill_sample,1,16,1,8,please,,,,,,,,,,,,GeneralText
Bethesda_MD_Electric_Bill_sample,1,16,1,9,contact,,,,,,,,,,,,GeneralText
Bethesda_MD_Electric_Bill_sample,1,16,1,10,Pepco,,,,,,,,,,,,GeneralText
Bethesda_MD_Electric_Bill_sample,1,16,1,11,at,,,,,,,,,,,,GeneralText
Bethesda_MD_Electric_Bill_sample,1,16,2,1,least,,,,,,,,,,,,GeneralText
Bethesda_MD_Electric_Bill_sample,1,16,2,2,three,,,,,,,,,,,,GeneralText
Bethesda_MD_Electric_Bill_sample,1,16,2,3,days,,,,,,,,,,,,GeneralText
Bethesda_MD_Electric_Bill_sample,1,16,2,4,in,,,,,,,,,,,,GeneralText
Bethesda_MD_Electric_Bill_sample,1,16,2,5,advance.,,,,,,,,,,,,GeneralText
Bethesda_MD_Electric_Bill_sample,1,17,1,1,Information,,,,,,,,,,,,GeneralText
Bethesda_MD_Electric_Bill_sample,1,17,1,2,regarding,,,,,,,,,,,,GeneralText
Bethesda_MD_Electric_Bill_sample,1,17,1,3,rate,,,,,,,,,,,,GeneralText
Bethesda_MD_Electric_Bill_sample,1,17,1,4,schedules,,,,,,,,,,,,GeneralText
Bethesda_MD_Electric_Bill_sample,1,17,1,5,and,,,,,,,,,,,,GeneralText
Bethesda_MD_Electric_Bill_sample,1,17,1,6,how,,,,,,,,,,,,GeneralText
Bethesda_MD_Electric_Bill_sample,1,17,1,7,to,,,,,,,,,,,,GeneralText
Bethesda_MD_Electric_Bill_sample,1,17,1,8,verify,,,,,,,,,,,,GeneralText
Bethesda_MD_Electric_Bill_sample,1,17,1,9,the,,,,,,,,,,,,GeneralText
Bethesda_MD_Electric_Bill_sample,1,17,1,10,accuracy,,,,,,,,,,,,GeneralText
Bethesda_MD_Electric_Bill_sample,1,17,2,1,of,,,,,,,,,,,,GeneralText
Bethesda_MD_Electric_Bill_sample,1,17,2,2,your,,,,,,,,,,,,GeneralText
Bethesda_MD_Electric_Bill_sample,1,17,2,3,bill,,,,,,,,,,,,GeneralText
Bethesda_MD_Electric_Bill_sample,1,17,2,4,will,,,,,,,,,,,,GeneralText
Bethesda_MD_Electric_Bill_sample,1,17,2,5,be,,,,,,,,,,,,GeneralText
Bethesda_MD_Electric_Bill_sample,1,17,2,6,mailed,,,,,,,,,,,,GeneralText
Bethesda_MD_Electric_Bill_sample,1,17,2,7,upon,,,,,,,,,,,,GeneralText
Bethesda_MD_Electric_Bill_sample,1,17,2,8,request.,,,,,,,,,,,,GeneralText
Bethesda_MD_Electric_Bill_sample,1,18,1,1,Follow,,,,,,,,,,,,GeneralText
Bethesda_MD_Electric_Bill_sample,1,18,1,2,us,,,,,,,,,,,,GeneralText
Bethesda_MD_Electric_Bill_sample,1,18,1,3,on,,,,,,,,,,,,GeneralText
Bethesda_MD_Electric_Bill_sample,1,18,1,4,Twitter,,,,,,,,,,,,GeneralText
Bethesda_MD_Electric_Bill_sample,1,18,1,5,at,,,,,,,,,,,,GeneralText
Bethesda_MD_Electric_Bill_sample,1,18,1,6,twitter.com/PepcoConnect.,,,,,,,,,,,,GeneralText
Bethesda_MD_Electric_Bill_sample,1,18,1,7,Like,,,,,,,,,,,,GeneralText
Bethesda_MD_Electric_Bill_sample,1,18,1,8,us,,,,,,,,,,,,GeneralText
Bethesda_MD_Electric_Bill_sample,1,18,1,9,on,,,,,,,,,,,,GeneralText
Bethesda_MD_Electric_Bill_sample,1,18,2,1,Facebook,,,,,,,,,,,,GeneralText
Bethesda_MD_Electric_Bill_sample,1,18,2,2,at,,,,,,,,,,,,GeneralText
Bethesda_MD_Electric_Bill_sample,1,18,2,3,facebook.com/PepcoConnect.,,,,,,,,,,,,GeneralText
Bethesda_MD_Electric_Bill_sample,1,19,1,1,The,,,,,,,,,,,,GeneralText
Bethesda_MD_Electric_Bill_sample,1,19,1,2,EmPOWER,,,,,,,,,,,,GeneralText
Bethesda_MD_Electric_Bill_sample,1,19,1,3,MD,,,,,,,,,,,,GeneralText
Bethesda_MD_Electric_Bill_sample,1,19,1,4,charge,,,,,,,,,,,,GeneralText
Bethesda_MD_Electric_Bill_sample,1,19,1,5,funds,,,,,,,,,,,,GeneralText
Bethesda_MD_Electric_Bill_sample,1,19,1,6,programs,,,,,,,,,,,,GeneralText
Bethesda_MD_Electric_Bill_sample,1,19,1,7,that,,,,,,,,,,,,GeneralText
Bethesda_MD_Electric_Bill_sample,1,19,1,8,can,,,,,,,,,,,,GeneralText
Bethesda_MD_Electric_Bill_sample,1,19,1,9,help,,,,,,,,,,,,GeneralText
Bethesda_MD_Electric_Bill_sample,1,19,1,10,you,,,,,,,,,,,,GeneralText
Bethesda_MD_Electric_Bill_sample,1,19,2,1,reduce,,,,,,,,,,,,GeneralText
Bethesda_MD_Electric_Bill_sample,1,19,2,2,your,,,,,,,,,,,,GeneralText
Bethesda_MD_Electric_Bill_sample,1,19,2,3,energy,,,,,,,,,,,,GeneralText
Bethesda_MD_Electric_Bill_sample,1,19,2,4,consumption,,,,,,,,,,,,GeneralText
Bethesda_MD_Electric_Bill_sample,1,19,2,5,and,,,,,,,,,,,,GeneralText
Bethesda_MD_Electric_Bill_sample,1,19,2,6,save,,,,,,,,,,,,GeneralText
Bethesda_MD_Electric_Bill_sample,1,19,2,7,you,,,,,,,,,,,,GeneralText
Bethesda_MD_Electric_Bill_sample,1,19,2,8,money.,,,,,,,,,,,,GeneralText
Bethesda_MD_Electric_Bill_sample,1,19,2,9,For,,,,,,,,,,,,GeneralText
Bethesda_MD_Electric_Bill_sample,1,19,2,10,more,,,,,,,,,,,,GeneralText
Bethesda_MD_Electric_Bill_sample,1,19,3,1,"information,",,,,,,,,,,,,GeneralText
Bethesda_MD_Electric_Bill_sample,1,19,3,2,including,,,,,,,,,,,,GeneralText
Bethesda_MD_Electric_Bill_sample,1,19,3,3,how,,,,,,,,,,,,GeneralText
Bethesda_MD_Electric_Bill_sample,1,19,3,4,to,,,,,,,,,,,,GeneralText
Bethesda_MD_Electric_Bill_sample,1,19,3,5,"participate,",,,,,,,,,,,,GeneralText
Bethesda_MD_Electric_Bill_sample,1,19,3,6,go,,,,,,,,,,,,GeneralText
Bethesda_MD_Electric_Bill_sample,1,19,3,7,to,,,,,,,,,,,,GeneralText
Bethesda_MD_Electric_Bill_sample,1,19,4,1,pepco.com/saveenergy.,,,,,,,,,,,,GeneralText
Bethesda_MD_Electric_Bill_sample,1,20,1,1,How,,,,,,,,,,,,GeneralText
Bethesda_MD_Electric_Bill_sample,1,20,1,2,to,,,,,,,,,,,,GeneralText
Bethesda_MD_Electric_Bill_sample,1,20,1,3,contact,,,,,,,,,,,,GeneralText
Bethesda_MD_Electric_Bill_sample,1,20,1,4,us,,,,,,,,,,,,GeneralText
Bethesda_MD_Electric_Bill_sample,1,20,2,1,Customer,,,,,,,,,,,,GeneralText
Bethesda_MD_Electric_Bill_sample,1,20,2,2,Service,,,,,,,,,,,,GeneralText
Bethesda_MD_Electric_Bill_sample,1,20,2,3,"(Mon-Fri,7am",,,,,,,,,,,,GeneralText
Bethesda_MD_Electric_Bill_sample,1,20,2,4,-,,,,,,,,,,,,GeneralText
Bethesda_MD_Electric_Bill_sample,1,20,2,5,8,,,,,,,,,,,,GeneralText
Bethesda_MD_Electric_Bill_sample,1,20,2,6,pm),,,,,,,,,,,,GeneralText
Bethesda_MD_Electric_Bill_sample,1,20,3,1,202-833-7500,,,,,,,,,,,,GeneralText
Bethesda_MD_Electric_Bill_sample,1,20,4,1,Hearing,,,,,,,,,,,,GeneralText
Bethesda_MD_Electric_Bill_sample,1,20,4,2,Impaired,,,,,,,,,,,,GeneralText
Bethesda_MD_Electric_Bill_sample,1,20,4,3,(TTY),,,,,,,,,,,,GeneralText
Bethesda_MD_Electric_Bill_sample,1,20,5,1,202-872-2369,,,,,,,,,,,,GeneralText
Bethesda_MD_Electric_Bill_sample,1,20,6,1,¿Problemas,,,,,,,,,,,,GeneralText
Bethesda_MD_Electric_Bill_sample,1,20,6,2,con,,,,,,,,,,,,GeneralText
Bethesda_MD_Electric_Bill_sample,1,20,6,3,la,,,,,,,,,,,,GeneralText
Bethesda_MD_Electric_Bill_sample,1,20,6,4,factura?,,,,,,,,,,,,GeneralText
Bethesda_MD_Electric_Bill_sample,1,20,7,1,202-872-4641,,,,,,,,,,,,GeneralText
Bethesda_MD_Electric_Bill_sample,1,20,8,1,Electric,,,,,,,,,,,,GeneralText
Bethesda_MD_Electric_Bill_sample,1,20,8,2,emergencies,,,,,,,,,,,,GeneralText
Bethesda_MD_Electric_Bill_sample,1,20,8,3,&,,,,,,,,,,,,GeneralText
Bethesda_MD_Electric_Bill_sample,1,20,8,4,outages,,,,,,,,,,,,GeneralText
Bethesda_MD_Electric_Bill_sample,1,20,8,5,(24,,,,,,,,,,,,GeneralText
Bethesda_MD_Electric_Bill_sample,1,20,8,6,hours),,,,,,,,,,,,GeneralText
Bethesda_MD_Electric_Bill_sample,1,20,9,1,1-877-737-2662,,,,,,,,,,,,GeneralText
Bethesda_MD_Electric_Bill_sample,1,20,10,1,Visit,,,,,,,,,,,,GeneralText
Bethesda_MD_Electric_Bill_sample,1,20,10,2,pepco.com,,,,,,,,,,,,GeneralText
Bethesda_MD_Electric_Bill_sample,1,20,10,3,for,,,,,,,,,,,,GeneralText
Bethesda_MD_Electric_Bill_sample,1,20,10,4,"service,",,,,,,,,,,,,GeneralText
Bethesda_MD_Electric_Bill_sample,1,20,10,5,billing,,,,,,,,,,,,GeneralText
Bethesda_MD_Electric_Bill_sample,1,20,10,6,and,,,,,,,,,,,,GeneralText
Bethesda_MD_Electric_Bill_sample,1,20,10,7,correspondence,,,,,,,,,,,,GeneralText
Bethesda_MD_Electric_Bill_sample,1,20,10,8,information.,,,,,,,,,,,,GeneralText
Bethesda_MD_Electric_Bill_sample,1,21,1,1,Your,,,,,,,,,,,,GeneralText
Bethesda_MD_Electric_Bill_sample,1,21,1,2,monthly,,,,,,,,,,,,GeneralText
Bethesda_MD_Electric_Bill_sample,1,21,1,3,Electricity,,,,,,,,,,,,GeneralText
Bethesda_MD_Electric_Bill_sample,1,21,1,4,use,,,,,,,,,,,,GeneralText
Bethesda_MD_Electric_Bill_sample,1,21,1,5,in,,,,,,,,,,,,GeneralText
Bethesda_MD_Electric_Bill_sample,1,21,1,6,kWh,,,,,,,,,,,,GeneralText
Bethesda_MD_Electric_Bill_sample,1,21,2,4,Jul,,,X,,,X,,,,,,Variable
Bethesda_MD_Electric_Bill_sample,1,21,2,1,Daily,,,,,,,,,,,,MiscPhraseText
Bethesda_MD_Electric_Bill_sample,1,21,2,2,temperature,,,,,,,,,,,,MiscPhraseText
Bethesda_MD_Electric_Bill_sample,1,21,2,3,averages:,,,,,,,,,,,,MiscPhraseText
Bethesda_MD_Electric_Bill_sample,1,21,2,4,Jul,,,X,,,X,,,,,,Variable
Bethesda_MD_Electric_Bill_sample,1,21,2,5,2016:00:00,,,X,,,X,,,,,,Variable
Bethesda_MD_Electric_Bill_sample,1,21,2,6,76°,,,X,,,,,X,,,X,Variable
Bethesda_MD_Electric_Bill_sample,1,21,2,7,F,,,X,,,,,,,,X,Variable
Bethesda_MD_Electric_Bill_sample,1,21,2,8,Jul,,,X,,,X,,,,,,Variable
Bethesda_MD_Electric_Bill_sample,1,21,2,9,2017:00:00,,,X,,,X,,,,,,Variable
Bethesda_MD_Electric_Bill_sample,1,21,2,10,79°,,,X,,,,,,,,X,Variable
Bethesda_MD_Electric_Bill_sample,1,21,2,11,F,,,X,,,,,,,,X,Variable
Bethesda_MD_Electric_Bill_sample,1,21,3,1,kWh,,,,,,,,,,,,GeneralText
Bethesda_MD_Electric_Bill_sample,1,21,4,1,1350,,,,,,,,,,,,GeneralText
Bethesda_MD_Electric_Bill_sample,1,22,1,1,1080,,,,,,,,,,,,GeneralText
Bethesda_MD_Electric_Bill_sample,1,23,1,1,810,,,,,,,,,,,,GeneralText
Bethesda_MD_Electric_Bill_sample,1,24,1,1,540,,,,,,,,,,,,GeneralText
Bethesda_MD_Electric_Bill_sample,1,25,1,1,270,,,,,,,,,,,,GeneralText
Bethesda_MD_Electric_Bill_sample,1,26,1,1,0,,,,,,,,,,,,GeneralText
Bethesda_MD_Electric_Bill_sample,1,27,1,1,Year,,,,,,,,,,,,GeneralText
Bethesda_MD_Electric_Bill_sample,1,27,2,1,1516,,,,,,,,,,,,GeneralText
Bethesda_MD_Electric_Bill_sample,1,27,2,2,1516,,,,,,,,,,,,GeneralText
Bethesda_MD_Electric_Bill_sample,1,27,2,3,1516,,,,,,,,,,,,GeneralText
Bethesda_MD_Electric_Bill_sample,1,27,2,4,1516,,,,,,,,,,,,GeneralText
Bethesda_MD_Electric_Bill_sample,1,27,2,5,1516,,,,,,,,,,,,GeneralText
Bethesda_MD_Electric_Bill_sample,1,27,2,6,1617,,,,,,,,,,,,GeneralText
Bethesda_MD_Electric_Bill_sample,1,27,2,7,1617,,,,,,,,,,,,GeneralText
Bethesda_MD_Electric_Bill_sample,1,27,2,8,1617,,,,,,,,,,,,GeneralText
Bethesda_MD_Electric_Bill_sample,1,27,2,9,1617,,,,,,,,,,,,GeneralText
Bethesda_MD_Electric_Bill_sample,1,27,2,10,1617,,,,,,,,,,,,GeneralText
Bethesda_MD_Electric_Bill_sample,1,27,2,11,1617,,,,,,,,,,,,GeneralText
Bethesda_MD_Electric_Bill_sample,1,27,2,12,1617,,,,,,,,,,,,GeneralText
Bethesda_MD_Electric_Bill_sample,1,27,3,1,Month,,,,,,,,,,,,GeneralText
Bethesda_MD_Electric_Bill_sample,1,27,4,1,Aug,,,,,,,,,,,,GeneralText
Bethesda_MD_Electric_Bill_sample,1,27,4,2,Sep,,,,,,,,,,,,GeneralText
Bethesda_MD_Electric_Bill_sample,1,27,4,3,Oct,,,,,,,,,,,,GeneralText
Bethesda_MD_Electric_Bill_sample,1,27,4,4,Nov,,,,,,,,,,,,GeneralText
Bethesda_MD_Electric_Bill_sample,1,27,4,5,Dec,,,,,,,,,,,,GeneralText
Bethesda_MD_Electric_Bill_sample,1,27,4,6,Jan,,,,,,,,,,,,GeneralText
Bethesda_MD_Electric_Bill_sample,1,27,4,7,Feb,,,,,,,,,,,,GeneralText
Bethesda_MD_Electric_Bill_sample,1,27,4,8,Mar,,,,,,,,,,,,GeneralText
Bethesda_MD_Electric_Bill_sample,1,27,4,9,Apr,,,,,,,,,,,,GeneralText
Bethesda_MD_Electric_Bill_sample,1,27,4,10,May,,,,,,,,,,,,GeneralText
Bethesda_MD_Electric_Bill_sample,1,27,4,11,Jun,,,,,,,,,,,,GeneralText
Bethesda_MD_Electric_Bill_sample,1,27,5,1,Jul,,,,,,,,,,,,GeneralText
Bethesda_MD_Electric_Bill_sample,1,28,1,1,Please,,,,,,,,,,,,GeneralText
Bethesda_MD_Electric_Bill_sample,1,28,1,2,tear,,,,,,,,,,,,GeneralText
Bethesda_MD_Electric_Bill_sample,1,28,1,3,on,,,,,,,,,,,,GeneralText
Bethesda_MD_Electric_Bill_sample,1,28,1,4,the,,,,,,,,,,,,GeneralText
Bethesda_MD_Electric_Bill_sample,1,28,1,5,dotted,,,,,,,,,,,,GeneralText
Bethesda_MD_Electric_Bill_sample,1,28,1,6,line,,,,,,,,,,,,GeneralText
Bethesda_MD_Electric_Bill_sample,1,28,1,7,below.,,,,,,,,,,,,GeneralText
Bethesda_MD_Electric_Bill_sample,1,28,1,8,Invoice,,,,,,,,,,,,GeneralText
Bethesda_MD_Electric_Bill_sample,1,28,1,9,Number:,,,,,,,,,,,,GeneralText
Bethesda_MD_Electric_Bill_sample,1,28,1,11,Page,,,,,,,,,,,,GeneralText
Bethesda_MD_Electric_Bill_sample,1,28,1,12,1,,,,,,,,,,,,GeneralText
Bethesda_MD_Electric_Bill_sample,1,28,1,13,of,,,,,,,,,,,,GeneralText
Bethesda_MD_Electric_Bill_sample,1,28,1,14,3,,,,,,,,,,,,GeneralText
Bethesda_MD_Electric_Bill_sample,1,29,1,1,Return,,,,,,,,,,,,GeneralText
Bethesda_MD_Electric_Bill_sample,1,29,1,2,this,,,,,,,,,,,,GeneralText
Bethesda_MD_Electric_Bill_sample,1,29,1,3,coupon,,,,,,,,,,,,GeneralText
Bethesda_MD_Electric_Bill_sample,1,29,1,4,with,,,,,,,,,,,,GeneralText
Bethesda_MD_Electric_Bill_sample,1,29,1,5,your,,,,,,,,,,,,GeneralText
Bethesda_MD_Electric_Bill_sample,1,29,1,6,payment,,,,,,,,,,,,GeneralText
Bethesda_MD_Electric_Bill_sample,1,29,1,6,•111•1•11l1,,X,,,,,,,,,,Variable
Bethesda_MD_Electric_Bill_sample,1,29,2,1,Account,,,,,,,,,,,,AccountNumberText
Bethesda_MD_Electric_Bill_sample,1,29,2,2,number,,,,,,,,,,,,AccountNumberText
Bethesda_MD_Electric_Bill_sample,1,29,3,1,123,,,X,,,,,,X,,,Variable
Bethesda_MD_Electric_Bill_sample,1,29,3,2,4567,,,X,,,,,,X,,,Variable
Bethesda_MD_Electric_Bill_sample,1,29,3,3,890,,,X,,,,,,X,,,Variable
Bethesda_MD_Electric_Bill_sample,1,29,4,1,made,,,,,,,,,,,,PriceText
Bethesda_MD_Electric_Bill_sample,1,29,4,2,payable,,,,,,,,,,,,PriceText
Bethesda_MD_Electric_Bill_sample,1,29,4,3,to,,,,,,,,,,,,PriceText
Bethesda_MD_Electric_Bill_sample,1,29,4,4,Pepco,,,,,,,,,,,,PriceText
Bethesda_MD_Electric_Bill_sample,1,29,5,1,Total,,,,,,,,,,,,PriceText
Bethesda_MD_Electric_Bill_sample,1,29,5,2,amount,,,,,,,,,,,,PriceText
Bethesda_MD_Electric_Bill_sample,1,29,5,3,due,,,,,,,,,,,,PriceText
Bethesda_MD_Electric_Bill_sample,1,29,5,4,by,,,,,,,,,,,,PriceText
Bethesda_MD_Electric_Bill_sample,1,29,5,5,Jul,,,X,,,X,,,,,,Variable
Bethesda_MD_Electric_Bill_sample,1,29,5,6,"28,",,,X,,,X,,,,,,Variable
Bethesda_MD_Electric_Bill_sample,1,29,5,7,2017,,,X,,,X,,,,,,Variable
Bethesda_MD_Electric_Bill_sample,1,29,6,1,$67.04 ,,,X,,,,,X,,,,Variable
Bethesda_MD_Electric_Bill_sample,1,29,7,1,Total,,,,,,,,,,,,PriceText
Bethesda_MD_Electric_Bill_sample,1,29,7,2,amount,,,,,,,,,,,,PriceText
Bethesda_MD_Electric_Bill_sample,1,29,7,3,due,,,,,,,,,,,,PriceText
Bethesda_MD_Electric_Bill_sample,1,29,7,4,after,,,,,,,,,,,,PriceText
Bethesda_MD_Electric_Bill_sample,1,29,7,5,Jul,,,,,,,,,,,,PriceText
Bethesda_MD_Electric_Bill_sample,1,29,7,6,"28,",,,,,,,,,,,,PriceText
Bethesda_MD_Electric_Bill_sample,1,29,7,7,2017,,,X,,,,X,,,,,Variable
Bethesda_MD_Electric_Bill_sample,1,29,8,1,$67.04 ,,,X,,,,,X,,,,Variable
Bethesda_MD_Electric_Bill_sample,1,30,1,1,Amount,,,,,,,,,,,,HeaderText
Bethesda_MD_Electric_Bill_sample,1,30,2,1,0MR00007,,,,,,,,,,,,HeaderText
Bethesda_MD_Electric_Bill_sample,1,30,3,1,$,,,,,,,,,,,,HeaderText
Bethesda_MD_Electric_Bill_sample,1,30,4,1,.,,,,,,,,,,,,HeaderText
Bethesda_MD_Electric_Bill_sample,1,30,5,1,Paid:,,,,,,,,,,,,HeaderText
Bethesda_MD_Electric_Bill_sample,1,31,1,1,PO,,,,,,,,,,,,HeaderText
Bethesda_MD_Electric_Bill_sample,1,31,1,2,BOX,,,,,,,,,,,,HeaderText
Bethesda_MD_Electric_Bill_sample,1,31,1,3,13608,,,,,,,,,,,,HeaderText
Bethesda_MD_Electric_Bill_sample,1,31,2,1,PEPCO,,,X,X,,,,,,,,Variable
Bethesda_MD_Electric_Bill_sample,1,31,2,2,MD,,,X,X,,,,,,,,Variable
Bethesda_MD_Electric_Bill_sample,1,31,2,3,CUSTOMER,,,X,X,,,,,,,,Variable
Bethesda_MD_Electric_Bill_sample,1,31,2,4,R,,,,,,,,,,,,HeaderText
Bethesda_MD_Electric_Bill_sample,1,31,3,1,PHILADELPHIA,,,,,,,,,,,,HeaderText
Bethesda_MD_Electric_Bill_sample,1,31,3,2,PA,,,,,,,,,,,,HeaderText
Bethesda_MD_Electric_Bill_sample,1,31,3,3,19101,,,,,,,,,,,,HeaderText
Bethesda_MD_Electric_Bill_sample,1,31,4,1,123,,,,,,,,,,,,HeaderText
Bethesda_MD_Electric_Bill_sample,1,31,4,2,MAIN,,,X,,X,,,,,,,Variable
Bethesda_MD_Electric_Bill_sample,1,31,4,3,ST,,,X,,X,,,,,,,Variable
Bethesda_MD_Electric_Bill_sample,1,31,5,1,BETHESDA,,,X,,X,,,,,,,Variable
Bethesda_MD_Electric_Bill_sample,1,31,5,2,MD,,,X,,X,,,,,,,Variable
Bethesda_MD_Electric_Bill_sample,1,31,5,3,20814,,,X,,X,,,,,,,Variable
Bethesda_MD_Electric_Bill_sample,1,32,1,1,7.00E+59,,,,,,,,,,,,Unknown
Bethesda_MD_Electric_Bill_sample,2,1,1,1,   ,X,,,,,,,,,,,Unknown
Bethesda_MD_Electric_Bill_sample,2,1,2,1,   ,X,,,,,,,,,,,Unknown
Bethesda_MD_Electric_Bill_sample,2,1,3,1,    ,X,,,,,,,,,,,Unknown
Bethesda_MD_Electric_Bill_sample,2,1,4,1,    ,X,,,,,,,,,,,Unknown
Bethesda_MD_Electric_Bill_sample,2,1,5,1,   ,X,,,,,,,,,,,Unknown
Bethesda_MD_Electric_Bill_sample,2,1,6,1,   ,X,,,,,,,,,,,Unknown
Bethesda_MD_Electric_Bill_sample,2,1,7,1,  ,X,,,,,,,,,,,Unknown
Bethesda_MD_Electric_Bill_sample,2,1,8,1,  ,X,,,,,,,,,,,Unknown
Bethesda_MD_Electric_Bill_sample,2,1,9,1,  ,X,,,,,,,,,,,Unknown
Bethesda_MD_Electric_Bill_sample,2,1,10,1,   ,X,,,,,,,,,,,Unknown
Bethesda_MD_Electric_Bill_sample,2,14,1,1,D,,,,,,,,,,,,HeaderText
Bethesda_MD_Electric_Bill_sample,2,15,1,1,PEPCO,,,X,X,,,,,,,,Variable
Bethesda_MD_Electric_Bill_sample,2,15,1,2,MD,,,X,X,,,,,,,,Variable
Bethesda_MD_Electric_Bill_sample,2,15,1,3,CUSTOMER,,,X,X,,,,,,,,Variable
Bethesda_MD_Electric_Bill_sample,2,15,1,4,R,,,,,,,,,,,,AccountNumberText
Bethesda_MD_Electric_Bill_sample,2,15,2,1,Account,,,,,,,,,,,,AccountNumberText
Bethesda_MD_Electric_Bill_sample,2,15,2,2,number:,,,,,,,,,,,,AccountNumberText
Bethesda_MD_Electric_Bill_sample,2,15,2,3,123,,,X,,,,,,X,,,Variable
Bethesda_MD_Electric_Bill_sample,2,15,2,4,4567,,,X,,,,,,X,,,Variable
Bethesda_MD_Electric_Bill_sample,2,15,2,5,890,,,X,,,,,,X,,,Variable
Bethesda_MD_Electric_Bill_sample,2,15,3,1,Your,,,,,,,,,,,,RangeText
Bethesda_MD_Electric_Bill_sample,2,15,3,2,electric,,,,,,,,,,,,RangeText
Bethesda_MD_Electric_Bill_sample,2,15,3,3,bill,,,,,,,,,,,,RangeText
Bethesda_MD_Electric_Bill_sample,2,15,3,4,for,,,,,,,,,,,,RangeText
Bethesda_MD_Electric_Bill_sample,2,15,3,5,the,,,,,,,,,,,,RangeText
Bethesda_MD_Electric_Bill_sample,2,15,3,6,period,,,,,,,,,,,,RangeText
Bethesda_MD_Electric_Bill_sample,2,15,4,1,June,,,X,,,X,,,,,,Variable
Bethesda_MD_Electric_Bill_sample,2,15,4,2,"6,",,,X,,,X,,,,,,Variable
Bethesda_MD_Electric_Bill_sample,2,15,4,3,2017,,,X,,,X,,,,,,Variable
Bethesda_MD_Electric_Bill_sample,2,15,4,4,to,,,,,,,,,,,,ConcatText
Bethesda_MD_Electric_Bill_sample,2,15,4,5,July,,,X,,,X,,,,,,Variable
Bethesda_MD_Electric_Bill_sample,2,15,4,6,"6,",,,X,,,X,,,,,,Variable
Bethesda_MD_Electric_Bill_sample,2,15,4,7,2017,,,X,,,X,,,,,,Variable
Bethesda_MD_Electric_Bill_sample,2,16,1,1,Details,,,,,,,,,,,,GeneralText
Bethesda_MD_Electric_Bill_sample,2,16,1,2,of,,,,,,,,,,,,GeneralText
Bethesda_MD_Electric_Bill_sample,2,16,1,3,your,,,,,,,,,,,,GeneralText
Bethesda_MD_Electric_Bill_sample,2,16,1,4,Electric,,,,,,,,,,,,GeneralText
Bethesda_MD_Electric_Bill_sample,2,16,1,5,Charges,,,,,,,,,,,,GeneralText
Bethesda_MD_Electric_Bill_sample,2,17,1,1,Residential,,,,,,,,,,,,GeneralText
Bethesda_MD_Electric_Bill_sample,2,17,1,2,Service,,,,,,,,,,,,GeneralText
Bethesda_MD_Electric_Bill_sample,2,17,1,3,-,,,,,,,,,,,,GeneralText
Bethesda_MD_Electric_Bill_sample,2,17,1,4,service,,,,,,,,,,,,GeneralText
Bethesda_MD_Electric_Bill_sample,2,17,1,5,number,,,,,,,,,,,,GeneralText
Bethesda_MD_Electric_Bill_sample,2,17,1,6,500,,,,,,,,,,,,GeneralText
Bethesda_MD_Electric_Bill_sample,2,17,1,7,68,,,,,,,,,,,,GeneralText
Bethesda_MD_Electric_Bill_sample,2,17,1,8,7124,,,,,,,,,,,,GeneralText
Bethesda_MD_Electric_Bill_sample,2,17,1,9,7001,,,,,,,,,,,,GeneralText
Bethesda_MD_Electric_Bill_sample,2,17,1,10,8676,,,,,,,,,,,,GeneralText
Bethesda_MD_Electric_Bill_sample,2,17,1,11,87,,,,,,,,,,,,GeneralText
Bethesda_MD_Electric_Bill_sample,2,17,2,1,Electricity,,,,,,,,,,,,GeneralText
Bethesda_MD_Electric_Bill_sample,2,17,2,2,you,,,,,,,,,,,,GeneralText
Bethesda_MD_Electric_Bill_sample,2,17,2,3,used,,,,,,,,,,,,GeneralText
Bethesda_MD_Electric_Bill_sample,2,17,2,4,this,,,,,,,,,,,,GeneralText
Bethesda_MD_Electric_Bill_sample,2,17,2,5,period,,,,,,,,,,,,GeneralText
Bethesda_MD_Electric_Bill_sample,2,18,1,1,Meter,,,,,,,,,,,,GeneralText
Bethesda_MD_Electric_Bill_sample,2,18,2,1,Energy,,,,,,,,,,,,GeneralText
Bethesda_MD_Electric_Bill_sample,2,18,3,1,End,,,,,,,,,,,,GeneralText
Bethesda_MD_Electric_Bill_sample,2,18,4,1,Start,,,,,,,,,,,,GeneralText
Bethesda_MD_Electric_Bill_sample,2,18,5,1,Number,,,,,,,,,,,,GeneralText
Bethesda_MD_Electric_Bill_sample,2,18,6,1,Total,,,,,,,,,,,,GeneralText
Bethesda_MD_Electric_Bill_sample,2,18,7,1,Number,,,,,,,,,,,,GeneralText
Bethesda_MD_Electric_Bill_sample,2,18,8,1,Type,,,,,,,,,,,,GeneralText
Bethesda_MD_Electric_Bill_sample,2,18,9,1,Date,,,,,,,,,,,,GeneralText
Bethesda_MD_Electric_Bill_sample,2,18,10,1,Date,,,,,,,,,,,,GeneralText
Bethesda_MD_Electric_Bill_sample,2,18,11,1,Of,,,,,,,,,,,,GeneralText
Bethesda_MD_Electric_Bill_sample,2,18,11,2,Days,,,,,,,,,,,,GeneralText
Bethesda_MD_Electric_Bill_sample,2,18,12,1,Use,,,,,,,,,,,,GeneralText
Bethesda_MD_Electric_Bill_sample,2,18,13,1,4ED353620226,,,X,,,,,,,,X,Variable
Bethesda_MD_Electric_Bill_sample,2,19,1,1,Your,,,,,,,,,,,,GeneralText
Bethesda_MD_Electric_Bill_sample,2,19,1,2,meter,,,,,,,,,,,,GeneralText
Bethesda_MD_Electric_Bill_sample,2,19,1,3,records,,,,,,,,,,,,GeneralText
Bethesda_MD_Electric_Bill_sample,2,19,1,4,hourly,,,,,,,,,,,,GeneralText
Bethesda_MD_Electric_Bill_sample,2,19,1,5,use.,,,,,,,,,,,,GeneralText
Bethesda_MD_Electric_Bill_sample,2,19,1,6,Total,,,,,,,,,,,,GeneralText
Bethesda_MD_Electric_Bill_sample,2,19,1,7,use,,,,,,,,,,,,GeneralText
Bethesda_MD_Electric_Bill_sample,2,19,1,8,is,,,,,,,,,,,,GeneralText
Bethesda_MD_Electric_Bill_sample,2,19,1,9,the,,,,,,,,,,,,GeneralText
Bethesda_MD_Electric_Bill_sample,2,19,1,10,sum,,,,,,,,,,,,GeneralText
Bethesda_MD_Electric_Bill_sample,2,19,1,11,of,,,,,,,,,,,,GeneralText
Bethesda_MD_Electric_Bill_sample,2,19,1,12,this,,,,,,,,,,,,GeneralText
Bethesda_MD_Electric_Bill_sample,2,19,1,13,hourly,,,,,,,,,,,,GeneralText
Bethesda_MD_Electric_Bill_sample,2,19,1,14,data.,,,,,,,,,,,,GeneralText
Bethesda_MD_Electric_Bill_sample,2,19,2,1,Please,,,,,,,,,,,,GeneralText
Bethesda_MD_Electric_Bill_sample,2,19,2,2,visit,,,,,,,,,,,,GeneralText
Bethesda_MD_Electric_Bill_sample,2,19,2,3,My,,,,,,,,,,,,GeneralText
Bethesda_MD_Electric_Bill_sample,2,19,2,4,Account,,,,,,,,,,,,GeneralText
Bethesda_MD_Electric_Bill_sample,2,19,2,5,at,,,,,,,,,,,,GeneralText
Bethesda_MD_Electric_Bill_sample,2,19,2,6,pepco.com,,,,,,,,,,,,GeneralText
Bethesda_MD_Electric_Bill_sample,2,19,2,7,to,,,,,,,,,,,,GeneralText
Bethesda_MD_Electric_Bill_sample,2,19,2,8,view,,,,,,,,,,,,GeneralText
Bethesda_MD_Electric_Bill_sample,2,19,2,9,your,,,,,,,,,,,,GeneralText
Bethesda_MD_Electric_Bill_sample,2,19,2,10,energy,,,,,,,,,,,,GeneralText
Bethesda_MD_Electric_Bill_sample,2,19,2,11,use,,,,,,,,,,,,GeneralText
Bethesda_MD_Electric_Bill_sample,2,19,2,12,data.,,,,,,,,,,,,GeneralText
Bethesda_MD_Electric_Bill_sample,2,18,13,1,4ED353620226,,,X,,,,,,,,X,Variable
Bethesda_MD_Electric_Bill_sample,2,20,1,1,Your,,,,,,,,,,,,DateText
Bethesda_MD_Electric_Bill_sample,2,20,1,2,next,,,,,,,,,,,,DateText
Bethesda_MD_Electric_Bill_sample,2,20,1,3,bill,,,,,,,,,,,,DateText
Bethesda_MD_Electric_Bill_sample,2,20,1,4,period,,,,,,,,,,,,DateText
Bethesda_MD_Electric_Bill_sample,2,20,1,5,is,,,,,,,,,,,,DateText
Bethesda_MD_Electric_Bill_sample,2,20,1,6,scheduled,,,,,,,,,,,,DateText
Bethesda_MD_Electric_Bill_sample,2,20,1,7,to,,,,,,,,,,,,DateText
Bethesda_MD_Electric_Bill_sample,2,20,1,8,end,,,,,,,,,,,,DateText
Bethesda_MD_Electric_Bill_sample,2,20,1,9,on,,,,,,,,,,,,DateText
Bethesda_MD_Electric_Bill_sample,2,20,1,10,August,,,X,,,X,,,,,,Variable
Bethesda_MD_Electric_Bill_sample,2,20,1,11,"3,",,,X,,,X,,,,,,Variable
Bethesda_MD_Electric_Bill_sample,2,20,1,12,2017,,,X,,,X,,,,,,Variable
Bethesda_MD_Electric_Bill_sample,2,21,1,1,Peak,,,,,,,,,,,,GeneralText
Bethesda_MD_Electric_Bill_sample,2,21,1,2,Energy,,,,,,,,,,,,GeneralText
Bethesda_MD_Electric_Bill_sample,2,21,1,3,Savings,,,,,,,,,,,,GeneralText
Bethesda_MD_Electric_Bill_sample,2,21,1,4,Credit:,,,,,,,,,,,,GeneralText
Bethesda_MD_Electric_Bill_sample,2,21,1,5,No,,,,,,,,,,,,GeneralText
Bethesda_MD_Electric_Bill_sample,2,21,1,6,Peak,,,,,,,,,,,,GeneralText
Bethesda_MD_Electric_Bill_sample,2,21,1,7,Savings,,,,,,,,,,,,GeneralText
Bethesda_MD_Electric_Bill_sample,2,21,1,8,Days,,,,,,,,,,,,GeneralText
Bethesda_MD_Electric_Bill_sample,2,21,1,9,were,,,,,,,,,,,,GeneralText
Bethesda_MD_Electric_Bill_sample,2,21,1,10,called,,,,,,,,,,,,GeneralText
Bethesda_MD_Electric_Bill_sample,2,21,1,11,during,,,,,,,,,,,,GeneralText
Bethesda_MD_Electric_Bill_sample,2,21,1,12,this,,,,,,,,,,,,GeneralText
Bethesda_MD_Electric_Bill_sample,2,21,2,1,billing,,,,,,,,,,,,GeneralText
Bethesda_MD_Electric_Bill_sample,2,21,2,2,period.,,,,,,,,,,,,GeneralText
Bethesda_MD_Electric_Bill_sample,2,22,1,1,Delivery,,,,,,,,,,,,GeneralText
Bethesda_MD_Electric_Bill_sample,2,22,1,2,Charges:,,,,,,,,,,,,GeneralText
Bethesda_MD_Electric_Bill_sample,2,22,1,3,These,,,,,,,,,,,,GeneralText
Bethesda_MD_Electric_Bill_sample,2,22,1,4,charges,,,,,,,,,,,,GeneralText
Bethesda_MD_Electric_Bill_sample,2,22,1,5,reflect,,,,,,,,,,,,GeneralText
Bethesda_MD_Electric_Bill_sample,2,22,1,6,the,,,,,,,,,,,,GeneralText
Bethesda_MD_Electric_Bill_sample,2,22,1,7,cost,,,,,,,,,,,,GeneralText
Bethesda_MD_Electric_Bill_sample,2,22,1,8,of,,,,,,,,,,,,GeneralText
Bethesda_MD_Electric_Bill_sample,2,22,1,9,bringing,,,,,,,,,,,,GeneralText
Bethesda_MD_Electric_Bill_sample,2,22,1,10,electricity,,,,,,,,,,,,GeneralText
Bethesda_MD_Electric_Bill_sample,2,22,1,11,to,,,,,,,,,,,,GeneralText
Bethesda_MD_Electric_Bill_sample,2,22,1,12,you.,,,,,,,,,,,,GeneralText
Bethesda_MD_Electric_Bill_sample,2,22,2,1,Current,,,,,,,,,,,,GeneralText
Bethesda_MD_Electric_Bill_sample,2,22,2,2,charges,,,,,,,,,,,,GeneralText
Bethesda_MD_Electric_Bill_sample,2,22,2,3,for,,,,,,,,,,,,GeneralText
Bethesda_MD_Electric_Bill_sample,2,22,2,4,31,,,,,,X,,,,,,Variable
Bethesda_MD_Electric_Bill_sample,2,22,2,5,"days,",,,,,,,,,,,,GeneralText
Bethesda_MD_Electric_Bill_sample,2,22,2,6,summer,,,,,,,,,,,,GeneralText
Bethesda_MD_Electric_Bill_sample,2,22,2,7,rates,,,,,,,,,,,,GeneralText
Bethesda_MD_Electric_Bill_sample,2,22,2,8,in,,,,,,,,,,,,GeneralText
Bethesda_MD_Electric_Bill_sample,2,22,2,9,effect.,,,,,,,,,,,,GeneralText
Bethesda_MD_Electric_Bill_sample,2,23,1,1,Type,,,,,,,,,,,,GeneralText
Bethesda_MD_Electric_Bill_sample,2,23,1,2,of,,,,,,,,,,,,GeneralText
Bethesda_MD_Electric_Bill_sample,2,23,1,3,charge,,,,,,,,,,,,GeneralText
Bethesda_MD_Electric_Bill_sample,2,23,2,1,How,,,,,,,,,,,,GeneralText
Bethesda_MD_Electric_Bill_sample,2,23,2,2,we,,,,,,,,,,,,GeneralText
Bethesda_MD_Electric_Bill_sample,2,23,2,3,calculate,,,,,,,,,,,,GeneralText
Bethesda_MD_Electric_Bill_sample,2,23,2,4,this,,,,,,,,,,,,GeneralText
Bethesda_MD_Electric_Bill_sample,2,23,2,5,charge,,,,,,,,,,,,GeneralText
Bethesda_MD_Electric_Bill_sample,2,23,3,1,Amount($),,,,,,,,,,,,GeneralText
Bethesda_MD_Electric_Bill_sample,2,24,1,1,Distribution,,,,,,,,,,,,GeneralText
Bethesda_MD_Electric_Bill_sample,2,24,1,2,Services:,,,,,,,,,,,,GeneralText
Bethesda_MD_Electric_Bill_sample,2,22,2,4,31,,,,,,X,,,,,,Variable
Bethesda_MD_Electric_Bill_sample,2,25,1,1,Customer,,,,,,,,,,,,IntUsageText
Bethesda_MD_Electric_Bill_sample,2,25,1,2,Charge,,,,,,,,,,,,IntUsageText
Bethesda_MD_Electric_Bill_sample,2,25,2,1,7.6,,,X,,,,,,,X,,Variable
Bethesda_MD_Electric_Bill_sample,2,26,1,1,Energy,,,,,,,,,,,,IntUsageText
Bethesda_MD_Electric_Bill_sample,2,26,1,2,Charge,,,,,,,,,,,,IntUsageText
Bethesda_MD_Electric_Bill_sample,2,26,2,1,529,,,X,,,,,,,X,,Variable
Bethesda_MD_Electric_Bill_sample,2,26,2,2,kWh,,,,,,,,,,,,IntUsageText
Bethesda_MD_Electric_Bill_sample,2,26,2,3,X,,,,,,,,,,,,IntUsageText
Bethesda_MD_Electric_Bill_sample,2,26,2,4,$0.06 ,,,,,,,,,,X,,Variable
Bethesda_MD_Electric_Bill_sample,2,26,2,5,per,,,,,,,,,,,,IntUsageText
Bethesda_MD_Electric_Bill_sample,2,26,2,6,kWh,,,,,,,,,,,,IntUsageText
Bethesda_MD_Electric_Bill_sample,2,26,3,1,33.15,,,,,,,,,,X,,Variable
Bethesda_MD_Electric_Bill_sample,2,27,1,1,Grid,,,,,,,,,,,,IntUsageText
Bethesda_MD_Electric_Bill_sample,2,27,1,2,Resiliency,,,,,,,,,,,,IntUsageText
Bethesda_MD_Electric_Bill_sample,2,27,1,3,Charge,,,,,,,,,,,,IntUsageText
Bethesda_MD_Electric_Bill_sample,2,27,2,1,529,,,X,,,,,,,X,,Variable
Bethesda_MD_Electric_Bill_sample,2,27,2,2,kWh,,,,,,,,,,,,IntUsageText
Bethesda_MD_Electric_Bill_sample,2,27,2,3,X,,,,,,,,,,,,IntUsageText
Bethesda_MD_Electric_Bill_sample,2,27,2,4,$0.00 ,,,,,,,,,,X,,Variable
Bethesda_MD_Electric_Bill_sample,2,27,2,5,per,,,,,,,,,,,,IntUsageText
Bethesda_MD_Electric_Bill_sample,2,27,2,6,kWh,,,,,,,,,,,,IntUsageText
Bethesda_MD_Electric_Bill_sample,2,27,3,1,0.06,,,X,,,,,,,X,,Variable
Bethesda_MD_Electric_Bill_sample,2,28,1,1,Franchise,,,,,,,,,,,,IntUsageText
Bethesda_MD_Electric_Bill_sample,2,28,1,2,Tax,,,,,,,,,,,,IntUsageText
Bethesda_MD_Electric_Bill_sample,2,28,1,3,(Delivery),,,,,,,,,,,,IntUsageText
Bethesda_MD_Electric_Bill_sample,2,28,2,1,529,,,X,,,,,,,X,,Variable
Bethesda_MD_Electric_Bill_sample,2,28,2,2,kWh,,,,,,,,,,,,IntUsageText
Bethesda_MD_Electric_Bill_sample,2,28,2,3,X,,,,,,,,,,,,IntUsageText
Bethesda_MD_Electric_Bill_sample,2,32,2,2,kWh,,,,,,,,,,,,IntUsageText
Bethesda_MD_Electric_Bill_sample,2,32,2,3,X,,,,,,,,,,,,IntUsageText
Bethesda_MD_Electric_Bill_sample,2,32,2,4,$0.0002912-,,,,,,,,,,X,,Variable
Bethesda_MD_Electric_Bill_sample,2,32,2,5,per,,,,,,,,,,,,IntUsageText
Bethesda_MD_Electric_Bill_sample,2,32,2,6,kWh,,,,,,,,,,,,IntUsageText
Bethesda_MD_Electric_Bill_sample,2,32,3,1,0.15−,,,,,,,,,,X,,Variable
Bethesda_MD_Electric_Bill_sample,2,33,1,1,CNM,,,,,,,,,,,,IntUsageText
Bethesda_MD_Electric_Bill_sample,2,33,1,2,Credit:,,,,,,,,,,,,IntUsageText
Bethesda_MD_Electric_Bill_sample,2,33,1,3,CREFA,,,,,,,,,,,,IntUsageText
Bethesda_MD_Electric_Bill_sample,2,33,2,1,150-,,,,,,,,,,X,,Variable
Bethesda_MD_Electric_Bill_sample,2,33,2,2,kWh,,,,,,,,,,,,IntUsageText
Bethesda_MD_Electric_Bill_sample,2,33,2,3,X,,,,,,,,,,,,IntUsageText
Bethesda_MD_Electric_Bill_sample,2,33,2,4,$0.11 ,,,X,,,,,,,X,,Variable
Bethesda_MD_Electric_Bill_sample,2,33,2,5,per,,,,,,,,,,,,IntUsageText
Bethesda_MD_Electric_Bill_sample,2,33,2,6,kWh,,,,,,,,,,,,IntUsageText
Bethesda_MD_Electric_Bill_sample,2,33,3,1,16.35-,,,,,,,,,,X,,Variable
Bethesda_MD_Electric_Bill_sample,2,33,4,1,CNM,,,,,,,,,,,,IntUsageText
Bethesda_MD_Electric_Bill_sample,2,33,4,2,Credit:,,,,,,,,,,,,IntUsageText
Bethesda_MD_Electric_Bill_sample,2,33,4,3,CREFB,,,,,,,,,,,,IntUsageText
Bethesda_MD_Electric_Bill_sample,2,33,5,1,100-,,,,,,,,,,X,,Variable
Bethesda_MD_Electric_Bill_sample,2,33,5,2,kWh,,,,,,,,,,,,IntUsageText
Bethesda_MD_Electric_Bill_sample,2,33,5,3,X,,,,,,,,,,,,IntUsageText
Bethesda_MD_Electric_Bill_sample,2,33,5,4,$0.11 ,,,X,,,,,,,X,,Variable
Bethesda_MD_Electric_Bill_sample,2,33,5,5,per,,,,,,,,,,,,IntUsageText
Bethesda_MD_Electric_Bill_sample,2,33,5,6,kWh,,,,,,,,,,,,IntUsageText
Bethesda_MD_Electric_Bill_sample,2,33,6,1,10.90-,,,,,,,,,,X,,Variable
Bethesda_MD_Electric_Bill_sample,2,34,1,1,Total,,,,,,,,,,,,IntUsageText
Bethesda_MD_Electric_Bill_sample,2,34,1,2,Electric,,,,,,,,,,,,IntUsageText
Bethesda_MD_Electric_Bill_sample,2,34,1,3,Delivery,,,,,,,,,,,,IntUsageText
Bethesda_MD_Electric_Bill_sample,2,34,1,4,Charges,,,,,,,,,,,,IntUsageText
Bethesda_MD_Electric_Bill_sample,2,34,2,1,25.11,,,X,,,,,X,,,,Variable
Bethesda_MD_Electric_Bill_sample,2,35,1,1,Page,,,,,,,,,,,,GeneralText
Bethesda_MD_Electric_Bill_sample,2,35,1,2,2,,,,,,,,,,,,GeneralText
Bethesda_MD_Electric_Bill_sample,2,35,1,3,of,,,,,,,,,,,,GeneralText
Bethesda_MD_Electric_Bill_sample,2,35,1,4,3,,,,,,,,,,,,GeneralText
Bethesda_MD_Electric_Bill_sample,2,36,1,1,Check,,,,,,,,,,,,GeneralText
Bethesda_MD_Electric_Bill_sample,2,36,1,2,here,,,,,,,,,,,,GeneralText
Bethesda_MD_Electric_Bill_sample,2,36,1,3,to,,,,,,,,,,,,GeneralText
Bethesda_MD_Electric_Bill_sample,2,36,1,4,enroll,,,,,,,,,,,,GeneralText
Bethesda_MD_Electric_Bill_sample,2,36,1,5,in,,,,,,,,,,,,GeneralText
Bethesda_MD_Electric_Bill_sample,2,36,1,6,the,,,,,,,,,,,,GeneralText
Bethesda_MD_Electric_Bill_sample,2,36,1,7,Direct,,,,,,,,,,,,GeneralText
Bethesda_MD_Electric_Bill_sample,2,36,1,8,Debit,,,,,,,,,,,,GeneralText
Bethesda_MD_Electric_Bill_sample,2,36,1,9,plan,,,,,,,,,,,,GeneralText
Bethesda_MD_Electric_Bill_sample,2,36,2,1,Sign,,,,,,,,,,,,GeneralText
Bethesda_MD_Electric_Bill_sample,2,36,2,2,and,,,,,,,,,,,,GeneralText
Bethesda_MD_Electric_Bill_sample,2,36,2,3,date,,,,,,,,,,,,GeneralText
Bethesda_MD_Electric_Bill_sample,2,36,2,4,here,,,,,,,,,,,,GeneralText
Bethesda_MD_Electric_Bill_sample,2,37,1,1,By,,,,,,,,,,,,GeneralText
Bethesda_MD_Electric_Bill_sample,2,37,1,2,signing,,,,,,,,,,,,GeneralText
Bethesda_MD_Electric_Bill_sample,2,37,1,3,"here,",,,,,,,,,,,,GeneralText
Bethesda_MD_Electric_Bill_sample,2,37,1,4,you,,,,,,,,,,,,GeneralText
Bethesda_MD_Electric_Bill_sample,2,37,1,5,authorize,,,,,,,,,,,,GeneralText
Bethesda_MD_Electric_Bill_sample,2,37,1,6,Pepco,,,,,,,,,,,,GeneralText
Bethesda_MD_Electric_Bill_sample,2,37,1,7,to,,,,,,,,,,,,GeneralText
Bethesda_MD_Electric_Bill_sample,2,37,1,8,electronically,,,,,,,,,,,,GeneralText
Bethesda_MD_Electric_Bill_sample,2,37,1,9,deduct,,,,,,,,,,,,GeneralText
Bethesda_MD_Electric_Bill_sample,2,37,1,10,the,,,,,,,,,,,,GeneralText
Bethesda_MD_Electric_Bill_sample,2,37,1,11,amount,,,,,,,,,,,,GeneralText
Bethesda_MD_Electric_Bill_sample,2,37,1,12,of,,,,,,,,,,,,GeneralText
Bethesda_MD_Electric_Bill_sample,2,37,1,13,your,,,,,,,,,,,,GeneralText
Bethesda_MD_Electric_Bill_sample,2,37,1,14,monthly,,,,,,,,,,,,GeneralText
Bethesda_MD_Electric_Bill_sample,2,37,1,15,bill,,,,,,,,,,,,GeneralText
Bethesda_MD_Electric_Bill_sample,2,37,1,16,from,,,,,,,,,,,,GeneralText
Bethesda_MD_Electric_Bill_sample,2,37,1,17,your,,,,,,,,,,,,GeneralText
Bethesda_MD_Electric_Bill_sample,2,37,1,18,checking,,,,,,,,,,,,GeneralText
Bethesda_MD_Electric_Bill_sample,2,37,1,19,account,,,,,,,,,,,,GeneralText
Bethesda_MD_Electric_Bill_sample,2,37,1,20,each,,,,,,,,,,,,GeneralText
Bethesda_MD_Electric_Bill_sample,2,37,1,21,month.,,,,,,,,,,,,GeneralText
Bethesda_MD_Electric_Bill_sample,2,37,1,22,The,,,,,,,,,,,,GeneralText
Bethesda_MD_Electric_Bill_sample,2,37,2,1,check,,,,,,,,,,,,GeneralText
Bethesda_MD_Electric_Bill_sample,2,37,2,2,you,,,,,,,,,,,,GeneralText
Bethesda_MD_Electric_Bill_sample,2,37,2,3,send,,,,,,,,,,,,GeneralText
Bethesda_MD_Electric_Bill_sample,2,37,2,4,with,,,,,,,,,,,,GeneralText
Bethesda_MD_Electric_Bill_sample,2,37,2,5,this,,,,,,,,,,,,GeneralText
Bethesda_MD_Electric_Bill_sample,2,37,2,6,signed,,,,,,,,,,,,GeneralText
Bethesda_MD_Electric_Bill_sample,2,37,2,7,authorization,,,,,,,,,,,,GeneralText
Bethesda_MD_Electric_Bill_sample,2,37,2,8,will,,,,,,,,,,,,GeneralText
Bethesda_MD_Electric_Bill_sample,2,37,2,9,be,,,,,,,,,,,,GeneralText
Bethesda_MD_Electric_Bill_sample,2,37,2,10,used,,,,,,,,,,,,GeneralText
Bethesda_MD_Electric_Bill_sample,2,37,2,11,to,,,,,,,,,,,,GeneralText
Bethesda_MD_Electric_Bill_sample,2,37,2,12,set,,,,,,,,,,,,GeneralText
Bethesda_MD_Electric_Bill_sample,2,37,2,13,up,,,,,,,,,,,,GeneralText
Bethesda_MD_Electric_Bill_sample,2,37,2,14,Direct,,,,,,,,,,,,GeneralText
Bethesda_MD_Electric_Bill_sample,2,37,2,15,Debit.,,,,,,,,,,,,GeneralText
Bethesda_MD_Electric_Bill_sample,2,37,2,16,You,,,,,,,,,,,,GeneralText
Bethesda_MD_Electric_Bill_sample,2,37,2,17,understand,,,,,,,,,,,,GeneralText
Bethesda_MD_Electric_Bill_sample,2,37,2,18,that,,,,,,,,,,,,GeneralText
Bethesda_MD_Electric_Bill_sample,2,37,2,19,we,,,,,,,,,,,,GeneralText
Bethesda_MD_Electric_Bill_sample,2,37,2,20,will,,,,,,,,,,,,GeneralText
Bethesda_MD_Electric_Bill_sample,2,37,2,21,notify,,,,,,,,,,,,GeneralText
Bethesda_MD_Electric_Bill_sample,2,37,2,22,you,,,,,,,,,,,,GeneralText
Bethesda_MD_Electric_Bill_sample,2,37,2,23,each,,,,,,,,,,,,GeneralText
Bethesda_MD_Electric_Bill_sample,2,37,2,24,month,,,,,,,,,,,,GeneralText
Bethesda_MD_Electric_Bill_sample,2,37,2,25,of,,,,,,,,,,,,GeneralText
Bethesda_MD_Electric_Bill_sample,2,37,3,1,the,,,,,,,,,,,,GeneralText
Bethesda_MD_Electric_Bill_sample,2,37,3,2,date,,,,,,,,,,,,GeneralText
Bethesda_MD_Electric_Bill_sample,2,37,3,3,and,,,,,,,,,,,,GeneralText
Bethesda_MD_Electric_Bill_sample,2,37,3,4,amount,,,,,,,,,,,,GeneralText
Bethesda_MD_Electric_Bill_sample,2,37,3,5,of,,,,,,,,,,,,GeneralText
Bethesda_MD_Electric_Bill_sample,2,37,3,6,the,,,,,,,,,,,,GeneralText
Bethesda_MD_Electric_Bill_sample,2,37,3,7,"debit,",,,,,,,,,,,,GeneralText
Bethesda_MD_Electric_Bill_sample,2,37,3,8,which,,,,,,,,,,,,GeneralText
Bethesda_MD_Electric_Bill_sample,2,37,3,9,will,,,,,,,,,,,,GeneralText
Bethesda_MD_Electric_Bill_sample,2,37,3,10,be,,,,,,,,,,,,GeneralText
Bethesda_MD_Electric_Bill_sample,2,37,3,11,on,,,,,,,,,,,,GeneralText
Bethesda_MD_Electric_Bill_sample,2,37,3,12,or,,,,,,,,,,,,GeneralText
Bethesda_MD_Electric_Bill_sample,2,37,3,13,after,,,,,,,,,,,,GeneralText
Bethesda_MD_Electric_Bill_sample,2,37,3,14,the,,,,,,,,,,,,GeneralText
Bethesda_MD_Electric_Bill_sample,2,37,3,15,due,,,,,,,,,,,,GeneralText
Bethesda_MD_Electric_Bill_sample,2,37,3,16,date,,,,,,,,,,,,GeneralText
Bethesda_MD_Electric_Bill_sample,2,37,3,17,stated,,,,,,,,,,,,GeneralText
Bethesda_MD_Electric_Bill_sample,2,37,3,18,on,,,,,,,,,,,,GeneralText
Bethesda_MD_Electric_Bill_sample,2,37,3,19,your,,,,,,,,,,,,GeneralText
Bethesda_MD_Electric_Bill_sample,2,37,3,20,monthly,,,,,,,,,,,,GeneralText
Bethesda_MD_Electric_Bill_sample,2,37,3,21,bill.,,,,,,,,,,,,GeneralText
Bethesda_MD_Electric_Bill_sample,2,37,3,22,You,,,,,,,,,,,,GeneralText
Bethesda_MD_Electric_Bill_sample,2,37,3,23,understand,,,,,,,,,,,,GeneralText
Bethesda_MD_Electric_Bill_sample,2,37,3,24,that,,,,,,,,,,,,GeneralText
Bethesda_MD_Electric_Bill_sample,2,37,3,25,to,,,,,,,,,,,,GeneralText
Bethesda_MD_Electric_Bill_sample,2,37,3,26,withdraw,,,,,,,,,,,,GeneralText
Bethesda_MD_Electric_Bill_sample,2,37,3,27,this,,,,,,,,,,,,GeneralText
Bethesda_MD_Electric_Bill_sample,2,37,4,1,authorization,,,,,,,,,,,,GeneralText
Bethesda_MD_Electric_Bill_sample,2,37,4,2,you,,,,,,,,,,,,GeneralText
Bethesda_MD_Electric_Bill_sample,2,37,4,3,must,,,,,,,,,,,,GeneralText
Bethesda_MD_Electric_Bill_sample,2,37,4,4,call,,,,,,,,,,,,GeneralText
Bethesda_MD_Electric_Bill_sample,2,37,4,5,Pepco.,,,,,,,,,,,,GeneralText
Bethesda_MD_Electric_Bill_sample,2,37,4,6,You,,,,,,,,,,,,GeneralText
Bethesda_MD_Electric_Bill_sample,2,37,4,7,understand,,,,,,,,,,,,GeneralText
Bethesda_MD_Electric_Bill_sample,2,37,4,8,that,,,,,,,,,,,,GeneralText
Bethesda_MD_Electric_Bill_sample,2,37,4,9,Pepco,,,,,,,,,,,,GeneralText
Bethesda_MD_Electric_Bill_sample,2,37,4,10,does,,,,,,,,,,,,GeneralText
Bethesda_MD_Electric_Bill_sample,2,37,4,11,not,,,,,,,,,,,,GeneralText
Bethesda_MD_Electric_Bill_sample,2,37,4,12,charge,,,,,,,,,,,,GeneralText
Bethesda_MD_Electric_Bill_sample,2,37,4,13,for,,,,,,,,,,,,GeneralText
Bethesda_MD_Electric_Bill_sample,2,37,4,14,this,,,,,,,,,,,,GeneralText
Bethesda_MD_Electric_Bill_sample,2,37,4,15,"service,",,,,,,,,,,,,GeneralText
Bethesda_MD_Electric_Bill_sample,2,37,4,16,but,,,,,,,,,,,,GeneralText
Bethesda_MD_Electric_Bill_sample,2,37,4,17,that,,,,,,,,,,,,GeneralText
Bethesda_MD_Electric_Bill_sample,2,37,4,18,your,,,,,,,,,,,,GeneralText
Bethesda_MD_Electric_Bill_sample,2,37,4,19,bank,,,,,,,,,,,,GeneralText
Bethesda_MD_Electric_Bill_sample,2,37,4,20,may,,,,,,,,,,,,GeneralText
Bethesda_MD_Electric_Bill_sample,2,37,4,21,have,,,,,,,,,,,,GeneralText
Bethesda_MD_Electric_Bill_sample,2,37,4,22,charges,,,,,,,,,,,,GeneralText
Bethesda_MD_Electric_Bill_sample,2,37,4,23,for,,,,,,,,,,,,GeneralText
Bethesda_MD_Electric_Bill_sample,2,37,4,24,this,,,,,,,,,,,,GeneralText
Bethesda_MD_Electric_Bill_sample,2,37,5,1,service.,,,,,,,,,,,,GeneralText
Bethesda_MD_Electric_Bill_sample,2,38,1,1,Customer,,,,,,,,,,,,GeneralText
Bethesda_MD_Electric_Bill_sample,2,38,1,2,Service,,,,,,,,,,,,GeneralText
Bethesda_MD_Electric_Bill_sample,2,38,1,3,Centers,,,,,,,,,,,,GeneralText
Bethesda_MD_Electric_Bill_sample,2,38,2,1,Washington,,,,,,,,,,,,GeneralText
Bethesda_MD_Electric_Bill_sample,2,38,2,2,DC,,,,,,,,,,,,GeneralText
Bethesda_MD_Electric_Bill_sample,2,38,3,1,Maryland,,,,,,,,,,,,GeneralText
Bethesda_MD_Electric_Bill_sample,2,38,4,1,701,,,,,,,,,,,,GeneralText
Bethesda_MD_Electric_Bill_sample,2,38,4,2,Ninth,,,,,,,,,,,,GeneralText
Bethesda_MD_Electric_Bill_sample,2,38,4,3,St,,,,,,,,,,,,GeneralText
Bethesda_MD_Electric_Bill_sample,2,38,4,4,NW,,,,,,,,,,,,GeneralText
Bethesda_MD_Electric_Bill_sample,2,38,5,1,(Mon,,,,,,,,,,,,GeneralText
Bethesda_MD_Electric_Bill_sample,2,38,5,2,-,,,,,,,,,,,,GeneralText
Bethesda_MD_Electric_Bill_sample,2,38,5,3,Fri),,,,,,,,,,,,GeneralText
Bethesda_MD_Electric_Bill_sample,2,38,5,4,8:30am,,,,,,,,,,,,GeneralText
Bethesda_MD_Electric_Bill_sample,2,38,5,5,-,,,,,,,,,,,,GeneralText
Bethesda_MD_Electric_Bill_sample,2,38,5,6,5:15pm,,,,,,,,,,,,GeneralText
Bethesda_MD_Electric_Bill_sample,2,38,6,1,201,,,,,,,,,,,,GeneralText
Bethesda_MD_Electric_Bill_sample,2,38,6,2,West,,,,,,,,,,,,GeneralText
Bethesda_MD_Electric_Bill_sample,2,38,6,3,Gude,,,,,,,,,,,,GeneralText
Bethesda_MD_Electric_Bill_sample,2,38,6,4,"Dr,",,,,,,,,,,,,GeneralText
Bethesda_MD_Electric_Bill_sample,2,38,6,5,Rockville,,,,,,,,,,,,GeneralText
Bethesda_MD_Electric_Bill_sample,2,38,7,1,(Mon,,,,,,,,,,,,GeneralText
Bethesda_MD_Electric_Bill_sample,2,38,7,2,-,,,,,,,,,,,,GeneralText
Bethesda_MD_Electric_Bill_sample,2,38,7,3,Fri),,,,,,,,,,,,GeneralText
Bethesda_MD_Electric_Bill_sample,2,38,7,4,10:00am,,,,,,,,,,,,GeneralText
Bethesda_MD_Electric_Bill_sample,2,38,7,5,-,,,,,,,,,,,,GeneralText
Bethesda_MD_Electric_Bill_sample,2,38,7,6,2:00pm,,,,,,,,,,,,GeneralText
Bethesda_MD_Electric_Bill_sample,2,38,8,1,2300,,,,,,,,,,,,GeneralText
Bethesda_MD_Electric_Bill_sample,2,38,8,2,Martin,,,,,,,,,,,,GeneralText
Bethesda_MD_Electric_Bill_sample,2,38,8,3,Luther,,,,,,,,,,,,GeneralText
Bethesda_MD_Electric_Bill_sample,2,38,8,4,King,,,,,,,,,,,,GeneralText
Bethesda_MD_Electric_Bill_sample,2,38,8,5,Jr,,,,,,,,,,,,GeneralText
Bethesda_MD_Electric_Bill_sample,2,38,8,6,Ave,,,,,,,,,,,,GeneralText
Bethesda_MD_Electric_Bill_sample,2,38,8,7,SE,,,,,,,,,,,,GeneralText
Bethesda_MD_Electric_Bill_sample,2,38,8,8,(Mon,,,,,,,,,,,,GeneralText
Bethesda_MD_Electric_Bill_sample,2,38,8,9,-,,,,,,,,,,,,GeneralText
Bethesda_MD_Electric_Bill_sample,2,38,8,10,Fri),,,,,,,,,,,,GeneralText
Bethesda_MD_Electric_Bill_sample,2,38,8,11,9:00am,,,,,,,,,,,,GeneralText
Bethesda_MD_Electric_Bill_sample,2,38,8,12,-,,,,,,,,,,,,GeneralText
Bethesda_MD_Electric_Bill_sample,2,38,8,13,5:00pm,,,,,,,,,,,,GeneralText
Bethesda_MD_Electric_Bill_sample,2,38,9,1,8300,,,,,,,,,,,,GeneralText
Bethesda_MD_Electric_Bill_sample,2,38,9,2,Old,,,,,,,,,,,,GeneralText
Bethesda_MD_Electric_Bill_sample,2,38,9,3,Marlboro,,,,,,,,,,,,GeneralText
Bethesda_MD_Electric_Bill_sample,2,38,9,4,"Pk,",,,,,,,,,,,,GeneralText
Bethesda_MD_Electric_Bill_sample,2,38,9,5,Forestville,,,,,,,,,,,,GeneralText
Bethesda_MD_Electric_Bill_sample,2,38,9,6,"(Mon,",,,,,,,,,,,,GeneralText
Bethesda_MD_Electric_Bill_sample,2,38,9,7,"Wed,",,,,,,,,,,,,GeneralText
Bethesda_MD_Electric_Bill_sample,2,38,9,8,Fri),,,,,,,,,,,,GeneralText
Bethesda_MD_Electric_Bill_sample,2,38,9,9,10:00am,,,,,,,,,,,,GeneralText
Bethesda_MD_Electric_Bill_sample,2,38,9,10,-,,,,,,,,,,,,GeneralText
Bethesda_MD_Electric_Bill_sample,2,38,9,11,2:00pm,,,,,,,,,,,,GeneralText
Bethesda_MD_Electric_Bill_sample,2,39,1,1,Any,,,,,,,,,,,,GeneralText
Bethesda_MD_Electric_Bill_sample,2,39,1,2,inquiry,,,,,,,,,,,,GeneralText
Bethesda_MD_Electric_Bill_sample,2,39,1,3,or,,,,,,,,,,,,GeneralText
Bethesda_MD_Electric_Bill_sample,2,39,1,4,complaint,,,,,,,,,,,,GeneralText
Bethesda_MD_Electric_Bill_sample,2,39,1,5,about,,,,,,,,,,,,GeneralText
Bethesda_MD_Electric_Bill_sample,2,39,1,6,this,,,,,,,,,,,,GeneralText
Bethesda_MD_Electric_Bill_sample,2,39,1,7,bill,,,,,,,,,,,,GeneralText
Bethesda_MD_Electric_Bill_sample,2,39,1,8,should,,,,,,,,,,,,GeneralText
Bethesda_MD_Electric_Bill_sample,2,39,1,9,be,,,,,,,,,,,,GeneralText
Bethesda_MD_Electric_Bill_sample,2,39,1,10,made,,,,,,,,,,,,GeneralText
Bethesda_MD_Electric_Bill_sample,2,39,1,11,prior,,,,,,,,,,,,GeneralText
Bethesda_MD_Electric_Bill_sample,2,39,1,12,to,,,,,,,,,,,,GeneralText
Bethesda_MD_Electric_Bill_sample,2,39,1,13,the,,,,,,,,,,,,GeneralText
Bethesda_MD_Electric_Bill_sample,2,39,1,14,due,,,,,,,,,,,,GeneralText
Bethesda_MD_Electric_Bill_sample,2,39,1,15,"date,",,,,,,,,,,,,GeneralText
Bethesda_MD_Electric_Bill_sample,2,39,1,16,in,,,,,,,,,,,,GeneralText
Bethesda_MD_Electric_Bill_sample,2,39,1,17,order,,,,,,,,,,,,GeneralText
Bethesda_MD_Electric_Bill_sample,2,39,1,18,to,,,,,,,,,,,,GeneralText
Bethesda_MD_Electric_Bill_sample,2,39,1,19,avoid,,,,,,,,,,,,GeneralText
Bethesda_MD_Electric_Bill_sample,2,39,1,20,late,,,,,,,,,,,,GeneralText
Bethesda_MD_Electric_Bill_sample,2,39,1,21,charges.,,,,,,,,,,,,GeneralText
Bethesda_MD_Electric_Bill_sample,2,40,1,1,Electronic,,,,,,,,,,,,GeneralText
Bethesda_MD_Electric_Bill_sample,2,40,1,2,Check,,,,,,,,,,,,GeneralText
Bethesda_MD_Electric_Bill_sample,2,40,1,3,Conversion,,,,,,,,,,,,GeneralText
Bethesda_MD_Electric_Bill_sample,2,40,1,4,-,,,,,,,,,,,,GeneralText
Bethesda_MD_Electric_Bill_sample,2,40,1,5,When,,,,,,,,,,,,GeneralText
Bethesda_MD_Electric_Bill_sample,2,40,1,6,you,,,,,,,,,,,,GeneralText
Bethesda_MD_Electric_Bill_sample,2,40,1,7,provide,,,,,,,,,,,,GeneralText
Bethesda_MD_Electric_Bill_sample,2,40,1,8,a,,,,,,,,,,,,GeneralText
Bethesda_MD_Electric_Bill_sample,2,40,1,9,check,,,,,,,,,,,,GeneralText
Bethesda_MD_Electric_Bill_sample,2,40,1,10,as,,,,,,,,,,,,GeneralText
Bethesda_MD_Electric_Bill_sample,2,40,1,11,"payment,",,,,,,,,,,,,GeneralText
Bethesda_MD_Electric_Bill_sample,2,40,1,12,you,,,,,,,,,,,,GeneralText
Bethesda_MD_Electric_Bill_sample,2,40,1,13,authorize,,,,,,,,,,,,GeneralText
Bethesda_MD_Electric_Bill_sample,2,40,1,14,us,,,,,,,,,,,,GeneralText
Bethesda_MD_Electric_Bill_sample,2,40,1,15,either,,,,,,,,,,,,GeneralText
Bethesda_MD_Electric_Bill_sample,2,40,1,16,to,,,,,,,,,,,,GeneralText
Bethesda_MD_Electric_Bill_sample,2,40,1,17,use,,,,,,,,,,,,GeneralText
Bethesda_MD_Electric_Bill_sample,2,40,1,18,information,,,,,,,,,,,,GeneralText
Bethesda_MD_Electric_Bill_sample,2,40,1,19,from,,,,,,,,,,,,GeneralText
Bethesda_MD_Electric_Bill_sample,2,40,1,20,your,,,,,,,,,,,,GeneralText
Bethesda_MD_Electric_Bill_sample,2,40,1,21,check,,,,,,,,,,,,GeneralText
Bethesda_MD_Electric_Bill_sample,2,40,1,22,to,,,,,,,,,,,,GeneralText
Bethesda_MD_Electric_Bill_sample,2,40,1,23,make,,,,,,,,,,,,GeneralText
Bethesda_MD_Electric_Bill_sample,2,40,1,24,a,,,,,,,,,,,,GeneralText
Bethesda_MD_Electric_Bill_sample,2,40,2,1,one-time,,,,,,,,,,,,GeneralText
Bethesda_MD_Electric_Bill_sample,2,40,2,2,electronic,,,,,,,,,,,,GeneralText
Bethesda_MD_Electric_Bill_sample,2,40,2,3,fund,,,,,,,,,,,,GeneralText
Bethesda_MD_Electric_Bill_sample,2,40,2,4,transfer,,,,,,,,,,,,GeneralText
Bethesda_MD_Electric_Bill_sample,2,40,2,5,from,,,,,,,,,,,,GeneralText
Bethesda_MD_Electric_Bill_sample,2,40,2,6,your,,,,,,,,,,,,GeneralText
Bethesda_MD_Electric_Bill_sample,2,40,2,7,account,,,,,,,,,,,,GeneralText
Bethesda_MD_Electric_Bill_sample,2,40,2,8,or,,,,,,,,,,,,GeneralText
Bethesda_MD_Electric_Bill_sample,2,40,2,9,to,,,,,,,,,,,,GeneralText
Bethesda_MD_Electric_Bill_sample,2,40,2,10,process,,,,,,,,,,,,GeneralText
Bethesda_MD_Electric_Bill_sample,2,40,2,11,the,,,,,,,,,,,,GeneralText
Bethesda_MD_Electric_Bill_sample,2,40,2,12,payment,,,,,,,,,,,,GeneralText
Bethesda_MD_Electric_Bill_sample,2,40,2,13,as,,,,,,,,,,,,GeneralText
Bethesda_MD_Electric_Bill_sample,2,40,2,14,a,,,,,,,,,,,,GeneralText
Bethesda_MD_Electric_Bill_sample,2,40,2,15,check,,,,,,,,,,,,GeneralText
Bethesda_MD_Electric_Bill_sample,2,40,2,16,transaction.,,,,,,,,,,,,GeneralText
Bethesda_MD_Electric_Bill_sample,2,41,1,1,Printed,,,,,,,,,,,,GeneralText
Bethesda_MD_Electric_Bill_sample,2,41,1,2,on,,,,,,,,,,,,GeneralText
Bethesda_MD_Electric_Bill_sample,2,41,1,3,recyclable,,,,,,,,,,,,GeneralText
Bethesda_MD_Electric_Bill_sample,2,41,1,4,paper.,,,,,,,,,,,,GeneralText
Bethesda_MD_Electric_Bill_sample,3,8,1,1,Type,,,,,,,,,,,,GeneralText
Bethesda_MD_Electric_Bill_sample,3,8,1,2,of,,,,,,,,,,,,GeneralText
Bethesda_MD_Electric_Bill_sample,3,8,1,3,charge,,,,,,,,,,,,GeneralText
Bethesda_MD_Electric_Bill_sample,3,8,2,1,How,,,,,,,,,,,,GeneralText
Bethesda_MD_Electric_Bill_sample,3,8,2,2,we,,,,,,,,,,,,GeneralText
Bethesda_MD_Electric_Bill_sample,3,8,2,3,calculate,,,,,,,,,,,,GeneralText
Bethesda_MD_Electric_Bill_sample,3,8,2,4,this,,,,,,,,,,,,GeneralText
Bethesda_MD_Electric_Bill_sample,3,8,2,5,charge,,,,,,,,,,,,GeneralText
Bethesda_MD_Electric_Bill_sample,3,8,3,1,Amount($),,,,,,,,,,,,GeneralText
Bethesda_MD_Electric_Bill_sample,3,9,1,1,Transmission,,,,,,,,,,,,GeneralText
Bethesda_MD_Electric_Bill_sample,3,9,1,2,Services:,,,,,,,,,,,,GeneralText
Bethesda_MD_Electric_Bill_sample,3,10,1,1,Energy,,,,,,,,,,,,IntUsageText
Bethesda_MD_Electric_Bill_sample,3,10,1,2,Charge,,,,,,,,,,,,IntUsageText
Bethesda_MD_Electric_Bill_sample,3,10,2,1,529,,,X,,,,,,,X,,Variable
Bethesda_MD_Electric_Bill_sample,3,17,1,1, ,,,,,,,,,,,,HeaderText
Bethesda_MD_Electric_Bill_sample,3,18,1,1, ,,,,,,,,,,,,HeaderText
Bethesda_MD_Electric_Bill_sample,3,19,1,1, ,,,,,,,,,,,,HeaderText
Bethesda_MD_Electric_Bill_sample,3,20,1,1, ,,,,,,,,,,,,HeaderText
Bethesda_MD_Electric_Bill_sample,3,21,1,1, ,,,,,,,,,,,,HeaderText
Bethesda_MD_Electric_Bill_sample,3,22,1,1, ,,,,,,,,,,,,HeaderText
Bethesda_MD_Electric_Bill_sample,3,23,1,1,I,,,,,,,,,,,,HeaderText
Bethesda_MD_Electric_Bill_sample,3,24,1,1,3,,,,,,,,,,,,HeaderText
Bethesda_MD_Electric_Bill_sample,3,24,1,2,10000008,,,,,,,,,,,,HeaderText
Bethesda_MD_Electric_Bill_sample,3,24,1,3,14,,,,,,,,,,,,HeaderText
Bethesda_MD_Electric_Bill_sample,3,24,2,1,PEPCO,,,X,X,,,,,,,,Variable
Bethesda_MD_Electric_Bill_sample,3,24,2,2,MD,,,X,X,,,,,,,,Variable
Bethesda_MD_Electric_Bill_sample,3,24,2,3,CUSTOMER,,,X,X,,,,,,,,Variable
Bethesda_MD_Electric_Bill_sample,3,24,2,4,R,,,,,,,,,,,,AccountNumberText
Bethesda_MD_Electric_Bill_sample,3,24,3,1,Your,,,,,,,,,,,,AccountNumberText
Bethesda_MD_Electric_Bill_sample,3,24,3,2,electric,,,,,,,,,,,,AccountNumberText
Bethesda_MD_Electric_Bill_sample,3,24,3,3,bill,,,,,,,,,,,,AccountNumberText
Bethesda_MD_Electric_Bill_sample,3,24,3,4,for,,,,,,,,,,,,AccountNumberText
Bethesda_MD_Electric_Bill_sample,3,24,3,5,the,,,,,,,,,,,,AccountNumberText
Bethesda_MD_Electric_Bill_sample,3,24,3,6,period,,,,,,,,,,,,AccountNumberText
Bethesda_MD_Electric_Bill_sample,3,24,4,1,Account,,,,,,,,,,,,AccountNumberText
Bethesda_MD_Electric_Bill_sample,3,24,4,2,number:,,,,,,,,,,,,AccountNumberText
Bethesda_MD_Electric_Bill_sample,3,24,4,3,123,,,X,,,,,,X,,,Variable
Bethesda_MD_Electric_Bill_sample,3,24,4,4,4567,,,X,,,,,,X,,,Variable
Bethesda_MD_Electric_Bill_sample,3,24,4,5,890,,,X,,,,,,X,,,Variable
Bethesda_MD_Electric_Bill_sample,3,24,5,1,June,,,X,,,X,,,,,,Variable
Bethesda_MD_Electric_Bill_sample,3,24,5,2,"6,",,,X,,,X,,,,,,Variable
Bethesda_MD_Electric_Bill_sample,3,24,5,3,2017,,,X,,,X,,,,,,Variable
Bethesda_MD_Electric_Bill_sample,3,24,5,4,to,,,,,,,,,,,,ConcatText
Bethesda_MD_Electric_Bill_sample,3,24,5,5,July,,,X,,,X,,,,,,Variable
Bethesda_MD_Electric_Bill_sample,3,24,5,6,"6,",,,X,,,X,,,,,,Variable
Bethesda_MD_Electric_Bill_sample,3,24,5,7,2017,,,X,,,X,,,,,,Variable
Bethesda_MD_Electric_Bill_sample,3,25,1,1,Supply,,,,,,,,,,,,GeneralText
Bethesda_MD_Electric_Bill_sample,3,25,1,2,Charges:,,,,,,,,,,,,GeneralText
Bethesda_MD_Electric_Bill_sample,3,25,1,3,These,,,,,,,,,,,,GeneralText
Bethesda_MD_Electric_Bill_sample,3,25,1,4,charges,,,,,,,,,,,,GeneralText
Bethesda_MD_Electric_Bill_sample,3,25,1,5,reflect,,,,,,,,,,,,GeneralText
Bethesda_MD_Electric_Bill_sample,3,25,1,6,the,,,,,,,,,,,,GeneralText
Bethesda_MD_Electric_Bill_sample,3,25,1,7,cost,,,,,,,,,,,,GeneralText
Bethesda_MD_Electric_Bill_sample,3,25,1,8,of,,,,,,,,,,,,GeneralText
Bethesda_MD_Electric_Bill_sample,3,25,1,9,producing,,,,,,,,,,,,GeneralText
Bethesda_MD_Electric_Bill_sample,3,25,1,10,electricity,,,,,,,,,,,,GeneralText
Bethesda_MD_Electric_Bill_sample,3,25,1,11,for,,,,,,,,,,,,GeneralText
Bethesda_MD_Electric_Bill_sample,3,25,1,12,you.,,,,,,,,,,,,GeneralText
Bethesda_MD_Electric_Bill_sample,3,25,2,1,You,,,,,,,,,,,,GeneralText
Bethesda_MD_Electric_Bill_sample,3,25,2,2,can,,,,,,,,,,,,GeneralText
Bethesda_MD_Electric_Bill_sample,3,25,2,3,compare,,,,,,,,,,,,GeneralText
Bethesda_MD_Electric_Bill_sample,3,25,2,4,this,,,,,,,,,,,,GeneralText
Bethesda_MD_Electric_Bill_sample,3,25,2,5,part,,,,,,,,,,,,GeneralText
Bethesda_MD_Electric_Bill_sample,3,25,2,6,of,,,,,,,,,,,,GeneralText
Bethesda_MD_Electric_Bill_sample,3,25,2,7,your,,,,,,,,,,,,GeneralText
Bethesda_MD_Electric_Bill_sample,3,25,2,8,bill,,,,,,,,,,,,GeneralText
Bethesda_MD_Electric_Bill_sample,3,25,2,9,to,,,,,,,,,,,,GeneralText
Bethesda_MD_Electric_Bill_sample,3,25,2,10,offers,,,,,,,,,,,,GeneralText
Bethesda_MD_Electric_Bill_sample,3,25,2,11,from,,,,,,,,,,,,GeneralText
Bethesda_MD_Electric_Bill_sample,3,25,2,12,competitive,,,,,,,,,,,,GeneralText
Bethesda_MD_Electric_Bill_sample,3,25,2,13,suppliers.,,,,,,,,,,,,GeneralText
Bethesda_MD_Electric_Bill_sample,3,25,3,1,Supply,,,,,,,,,,,,GeneralText
Bethesda_MD_Electric_Bill_sample,3,25,3,2,Price,,,,,,,,,,,,GeneralText
Bethesda_MD_Electric_Bill_sample,3,25,3,3,Comparison,,,,,,,,,,,,GeneralText
Bethesda_MD_Electric_Bill_sample,3,25,3,4,Information:,,,,,,,,,,,,GeneralText
Bethesda_MD_Electric_Bill_sample,3,25,3,5,The,,,,,,,,,,,,GeneralText
Bethesda_MD_Electric_Bill_sample,3,25,3,6,current,,,,,,,,,,,,GeneralText
Bethesda_MD_Electric_Bill_sample,3,25,3,7,price,,,,,,,,,,,,GeneralText
Bethesda_MD_Electric_Bill_sample,3,25,3,8,for,,,,,,,,,,,,GeneralText
Bethesda_MD_Electric_Bill_sample,3,25,3,9,Standard,,,,,,,,,,,,GeneralText
Bethesda_MD_Electric_Bill_sample,3,25,3,10,Offer,,,,,,,,,,,,GeneralText
Bethesda_MD_Electric_Bill_sample,3,25,3,11,Service,,,,,,,,,,,,GeneralText
Bethesda_MD_Electric_Bill_sample,3,25,4,1,(SOS),,,,,,,,,,,,GeneralText
Bethesda_MD_Electric_Bill_sample,3,25,4,2,electricity,,,,,,,,,,,,GeneralText
Bethesda_MD_Electric_Bill_sample,3,25,4,3,is,,,,,,,,,,,,GeneralText
Bethesda_MD_Electric_Bill_sample,3,25,4,4,7.98,,,,,,,,,,,,GeneralText
Bethesda_MD_Electric_Bill_sample,3,25,4,5,"cents/kWh,",,,,,,,,,,,,GeneralText
Bethesda_MD_Electric_Bill_sample,3,25,4,6,effective,,,,,,,,,,,,GeneralText
Bethesda_MD_Electric_Bill_sample,3,25,4,7,through,,,,,,,,,,,,GeneralText
Bethesda_MD_Electric_Bill_sample,3,25,4,8,Sep,,,,,,,,,,,,GeneralText
Bethesda_MD_Electric_Bill_sample,3,25,4,9,"30,",,,,,,,,,,,,GeneralText
Bethesda_MD_Electric_Bill_sample,3,25,4,10,2017,,,,,,,,,,,,GeneralText
Bethesda_MD_Electric_Bill_sample,3,25,4,11,SOS,,,,,,,,,,,,GeneralText
Bethesda_MD_Electric_Bill_sample,3,25,4,12,electricity,,,,,,,,,,,,GeneralText
Bethesda_MD_Electric_Bill_sample,3,25,5,1,will,,,,,,,,,,,,GeneralText
Bethesda_MD_Electric_Bill_sample,3,25,5,2,cost,,,,,,,,,,,,GeneralText
Bethesda_MD_Electric_Bill_sample,3,25,5,3,7.7,,,,,,,,,,,,GeneralText
Bethesda_MD_Electric_Bill_sample,3,25,5,4,"cents/kWh,",,,,,,,,,,,,GeneralText
Bethesda_MD_Electric_Bill_sample,3,25,5,5,beginning,,,,,,,,,,,,DateText
Bethesda_MD_Electric_Bill_sample,3,25,5,6,on,,,,,,,,,,,,DateText
Bethesda_MD_Electric_Bill_sample,3,25,5,7,Oct,,,X,,,X,,,,,,Variable
Bethesda_MD_Electric_Bill_sample,3,25,5,8,"1,",,,X,,,X,,,,,,Variable
Bethesda_MD_Electric_Bill_sample,3,25,5,9,2017,,,X,,,X,,,,,,Variable
Bethesda_MD_Electric_Bill_sample,3,25,5,10,through,,,,,,,,,,,,GeneralText
Bethesda_MD_Electric_Bill_sample,3,25,5,11,May,,,,,,,,,,,,GeneralText
Bethesda_MD_Electric_Bill_sample,3,25,5,12,"31,",,,,,,,,,,,,GeneralText
Bethesda_MD_Electric_Bill_sample,3,25,5,13,2018,,,,,,,,,,,,GeneralText
Bethesda_MD_Electric_Bill_sample,3,25,5,14,The,,,,,,,,,,,,GeneralText
Bethesda_MD_Electric_Bill_sample,3,25,6,1,price,,,,,,,,,,,,GeneralText
Bethesda_MD_Electric_Bill_sample,3,25,6,2,for,,,,,,,,,,,,GeneralText
Bethesda_MD_Electric_Bill_sample,3,25,6,3,SOS,,,,,,,,,,,,GeneralText
Bethesda_MD_Electric_Bill_sample,3,25,6,4,after,,,,,,,,,,,,GeneralText
Bethesda_MD_Electric_Bill_sample,3,25,6,5,May,,,,,,,,,,,,GeneralText
Bethesda_MD_Electric_Bill_sample,3,25,6,6,"31,",,,,,,,,,,,,GeneralText
Bethesda_MD_Electric_Bill_sample,3,25,6,7,2018,,,,,,,,,,,,GeneralText
Bethesda_MD_Electric_Bill_sample,3,25,6,8,has,,,,,,,,,,,,GeneralText
Bethesda_MD_Electric_Bill_sample,3,25,6,9,not,,,,,,,,,,,,GeneralText
Bethesda_MD_Electric_Bill_sample,3,25,6,10,yet,,,,,,,,,,,,GeneralText
Bethesda_MD_Electric_Bill_sample,3,25,6,11,been,,,,,,,,,,,,GeneralText
Bethesda_MD_Electric_Bill_sample,3,25,6,12,set.,,,,,,,,,,,,GeneralText
Bethesda_MD_Electric_Bill_sample,3,25,6,13,The,,,,,,,,,,,,GeneralText
Bethesda_MD_Electric_Bill_sample,3,25,6,14,weighted,,,,,,,,,,,,GeneralText
Bethesda_MD_Electric_Bill_sample,3,25,6,15,average,,,,,,,,,,,,GeneralText
Bethesda_MD_Electric_Bill_sample,3,25,6,16,price,,,,,,,,,,,,GeneralText
Bethesda_MD_Electric_Bill_sample,3,25,7,1,of,,,,,,,,,,,,GeneralText
Bethesda_MD_Electric_Bill_sample,3,25,7,2,SOS,,,,,,,,,,,,GeneralText
Bethesda_MD_Electric_Bill_sample,3,25,7,3,electricity,,,,,,,,,,,,GeneralText
Bethesda_MD_Electric_Bill_sample,3,25,7,4,will,,,,,,,,,,,,GeneralText
Bethesda_MD_Electric_Bill_sample,3,25,7,5,be,,,,,,,,,,,,GeneralText
Bethesda_MD_Electric_Bill_sample,3,25,7,6,7.82,,,,,,,,,,,,GeneralText
Bethesda_MD_Electric_Bill_sample,3,25,7,7,cents/kWh,,,,,,,,,,,,GeneralText
Bethesda_MD_Electric_Bill_sample,3,25,7,8,through,,,,,,,,,,,,GeneralText
Bethesda_MD_Electric_Bill_sample,3,25,7,9,May,,,,,,,,,,,,GeneralText
Bethesda_MD_Electric_Bill_sample,3,25,7,10,"31,",,,,,,,,,,,,GeneralText
Bethesda_MD_Electric_Bill_sample,3,25,7,11,2018,,,,,,,,,,,,GeneralText
Bethesda_MD_Electric_Bill_sample,3,26,1,1,Billing,,,,,,,,,,,,DateText
Bethesda_MD_Electric_Bill_sample,3,26,1,2,Period:,,,,,,,,,,,,DateText
Bethesda_MD_Electric_Bill_sample,3,26,1,3,Jun,,,X,,,X,,,,,,Variable
Bethesda_MD_Electric_Bill_sample,3,26,1,4,"6,",,,X,,,X,,,,,,Variable
Bethesda_MD_Electric_Bill_sample,3,26,1,5,2017,,,X,,,X,,,,,,Variable
Bethesda_MD_Electric_Bill_sample,3,26,1,6,to,,,,,,,,,,,,ConcatText
Bethesda_MD_Electric_Bill_sample,3,26,1,7,Jul,,,X,,,X,,,,,,Variable
Bethesda_MD_Electric_Bill_sample,3,26,1,8,"6,",,,X,,,X,,,,,,Variable
Bethesda_MD_Electric_Bill_sample,3,26,1,9,2017,,,X,,,X,,,,,,Variable
Bethesda_MD_Electric_Bill_sample,3,26,1,10,(31,,,,,,,,,,,,GeneralText
Bethesda_MD_Electric_Bill_sample,3,26,1,11,days),,,,,,,,,,,,GeneralText
Bethesda_MD_Electric_Bill_sample,3,27,1,1,Your,,,,,,,,,,,,GeneralText
Bethesda_MD_Electric_Bill_sample,3,27,1,2,daily,,,,,,,,,,,,GeneralText
Bethesda_MD_Electric_Bill_sample,3,27,1,3,electricity,,,,,,,,,,,,GeneralText
Bethesda_MD_Electric_Bill_sample,3,27,1,4,use,,,,,,,,,,,,GeneralText
Bethesda_MD_Electric_Bill_sample,3,27,1,5,for,,,,,,,,,,,,GeneralText
Bethesda_MD_Electric_Bill_sample,3,27,1,6,this,,,,,,,,,,,,GeneralText
Bethesda_MD_Electric_Bill_sample,3,27,1,7,bill,,,,,,,,,,,,GeneralText
Bethesda_MD_Electric_Bill_sample,3,27,1,8,period.,,,,,,,,,,,,GeneralText
Bethesda_MD_Electric_Bill_sample,3,27,1,9,Visit,,,,,,,,,,,,GeneralText
Bethesda_MD_Electric_Bill_sample,3,27,1,10,My,,,,,,,,,,,,GeneralText
Bethesda_MD_Electric_Bill_sample,3,27,1,11,Account,,,,,,,,,,,,GeneralText
Bethesda_MD_Electric_Bill_sample,3,27,1,12,at,,,,,,,,,,,,GeneralText
Bethesda_MD_Electric_Bill_sample,3,27,1,13,pepco.com,,,,,,,,,,,,GeneralText
Bethesda_MD_Electric_Bill_sample,3,27,1,14,to,,,,,,,,,,,,GeneralText
Bethesda_MD_Electric_Bill_sample,3,27,1,15,see,,,,,,,,,,,,GeneralText
Bethesda_MD_Electric_Bill_sample,3,27,1,16,your,,,,,,,,,,,,GeneralText
Bethesda_MD_Electric_Bill_sample,3,27,1,17,hourly,,,,,,,,,,,,GeneralText
Bethesda_MD_Electric_Bill_sample,3,27,1,18,electricity,,,,,,,,,,,,GeneralText
Bethesda_MD_Electric_Bill_sample,3,27,1,19,use.,,,,,,,,,,,,GeneralText
Bethesda_MD_Electric_Bill_sample,3,28,1,1,Meter,,,,,,,,,,,,GeneralText
Bethesda_MD_Electric_Bill_sample,3,28,1,2,Number,,,,,,,,,,,,GeneralText
Bethesda_MD_Electric_Bill_sample,3,28,1,3,4ED353620226,,,,,,,,,,,,GeneralText
Bethesda_MD_Electric_Bill_sample,3,29,1,1,Temp,,,,,,,,,,,,GeneralText
Bethesda_MD_Electric_Bill_sample,3,29,2,1,72,,,,,,,,,,,,GeneralText
Bethesda_MD_Electric_Bill_sample,3,29,2,2,65,,,,,,,,,,,,GeneralText
Bethesda_MD_Electric_Bill_sample,3,29,2,3,66,,,,,,,,,,,,GeneralText
Bethesda_MD_Electric_Bill_sample,3,29,2,4,72,,,,,,,,,,,,GeneralText
Bethesda_MD_Electric_Bill_sample,3,29,2,5,77,,,,,,,,,,,,GeneralText
Bethesda_MD_Electric_Bill_sample,3,29,2,6,82,,,,,,,,,,,,GeneralText
Bethesda_MD_Electric_Bill_sample,3,29,2,7,84,,,,,,,,,,,,GeneralText
Bethesda_MD_Electric_Bill_sample,3,29,2,8,85,,,,,,,,,,,,GeneralText
Bethesda_MD_Electric_Bill_sample,3,29,2,9,83,,,,,,,,,,,,GeneralText
Bethesda_MD_Electric_Bill_sample,3,29,2,10,78,,,,,,,,,,,,GeneralText
Bethesda_MD_Electric_Bill_sample,3,29,2,11,76,,,,,,,,,,,,GeneralText
Bethesda_MD_Electric_Bill_sample,3,29,2,12,79,,,,,,,,,,,,GeneralText
Bethesda_MD_Electric_Bill_sample,3,29,2,13,83,,,,,,,,,,,,GeneralText
Bethesda_MD_Electric_Bill_sample,3,29,2,14,80,,,,,,,,,,,,GeneralText
Bethesda_MD_Electric_Bill_sample,3,29,2,15,79,,,,,,,,,,,,GeneralText
Bethesda_MD_Electric_Bill_sample,3,29,2,16,80,,,,,,,,,,,,GeneralText
Bethesda_MD_Electric_Bill_sample,3,29,2,17,82,,,,,,,,,,,,GeneralText
Bethesda_MD_Electric_Bill_sample,3,29,2,18,82,,,,,,,,,,,,GeneralText
Bethesda_MD_Electric_Bill_sample,3,29,2,19,82,,,,,,,,,,,,GeneralText
Bethesda_MD_Electric_Bill_sample,3,29,2,20,80,,,,,,,,,,,,GeneralText
Bethesda_MD_Electric_Bill_sample,3,29,2,21,77,,,,,,,,,,,,GeneralText
Bethesda_MD_Electric_Bill_sample,3,29,2,22,75,,,,,,,,,,,,GeneralText
Bethesda_MD_Electric_Bill_sample,3,29,2,23,73,,,,,,,,,,,,GeneralText
Bethesda_MD_Electric_Bill_sample,3,29,2,24,78,,,,,,,,,,,,GeneralText
Bethesda_MD_Electric_Bill_sample,3,29,2,25,82,,,,,,,,,,,,GeneralText
Bethesda_MD_Electric_Bill_sample,3,29,2,26,82,,,,,,,,,,,,GeneralText
Bethesda_MD_Electric_Bill_sample,3,29,2,27,83,,,,,,,,,,,,GeneralText
Bethesda_MD_Electric_Bill_sample,3,29,2,28,84,,,,,,,,,,,,GeneralText
Bethesda_MD_Electric_Bill_sample,3,29,2,29,83,,,,,,,,,,,,GeneralText
Bethesda_MD_Electric_Bill_sample,3,29,2,30,78,,,,,,,,,,,,GeneralText
Bethesda_MD_Electric_Bill_sample,3,29,2,31,76,,,,,,,,,,,,GeneralText
Bethesda_MD_Electric_Bill_sample,3,29,3,1,kWh,,,,,,,,,,,,GeneralText
Bethesda_MD_Electric_Bill_sample,3,29,4,1,30,,,,,,,,,,,,GeneralText
Bethesda_MD_Electric_Bill_sample,3,30,1,1,24,,,,,,,,,,,,GeneralText
Bethesda_MD_Electric_Bill_sample,3,31,1,1,18,,,,,,,,,,,,GeneralText
Bethesda_MD_Electric_Bill_sample,3,32,1,1,12,,,,,,,,,,,,GeneralText
Bethesda_MD_Electric_Bill_sample,3,33,1,1,6,,,,,,,,,,,,GeneralText
Bethesda_MD_Electric_Bill_sample,3,34,1,1,0,,,,,,,,,,,,GeneralText
Bethesda_MD_Electric_Bill_sample,3,35,1,1,Date,,,,,,,,,,,,GeneralText
Bethesda_MD_Electric_Bill_sample,3,35,2,1,6,,,,,,,,,,,,GeneralText
Bethesda_MD_Electric_Bill_sample,3,35,2,2,7,,,,,,,,,,,,GeneralText
Bethesda_MD_Electric_Bill_sample,3,35,2,3,8,,,,,,,,,,,,GeneralText
Bethesda_MD_Electric_Bill_sample,3,35,2,4,9,,,,,,,,,,,,GeneralText
Bethesda_MD_Electric_Bill_sample,3,35,2,5,10,,,,,,,,,,,,GeneralText
Bethesda_MD_Electric_Bill_sample,3,35,2,6,11,,,,,,,,,,,,GeneralText
Bethesda_MD_Electric_Bill_sample,3,35,2,7,12,,,,,,,,,,,,GeneralText
Bethesda_MD_Electric_Bill_sample,3,35,2,8,13,,,,,,,,,,,,GeneralText
Bethesda_MD_Electric_Bill_sample,3,35,2,9,14,,,,,,,,,,,,GeneralText
Bethesda_MD_Electric_Bill_sample,3,35,2,10,15,,,,,,,,,,,,GeneralText
Bethesda_MD_Electric_Bill_sample,3,35,2,11,16,,,,,,,,,,,,GeneralText
Bethesda_MD_Electric_Bill_sample,3,35,2,12,17,,,,,,,,,,,,GeneralText
Bethesda_MD_Electric_Bill_sample,3,35,2,13,18,,,,,,,,,,,,GeneralText
Bethesda_MD_Electric_Bill_sample,3,35,2,14,19,,,,,,,,,,,,GeneralText
Bethesda_MD_Electric_Bill_sample,3,35,2,15,20,,,,,,,,,,,,GeneralText
Bethesda_MD_Electric_Bill_sample,3,35,2,16,21,,,,,,,,,,,,GeneralText
Bethesda_MD_Electric_Bill_sample,3,35,2,17,22,,,,,,,,,,,,GeneralText
Bethesda_MD_Electric_Bill_sample,3,35,2,18,23,,,,,,,,,,,,GeneralText
Bethesda_MD_Electric_Bill_sample,3,35,2,19,24,,,,,,,,,,,,GeneralText
Bethesda_MD_Electric_Bill_sample,3,35,2,20,25,,,,,,,,,,,,GeneralText
Bethesda_MD_Electric_Bill_sample,3,35,2,21,26,,,,,,,,,,,,GeneralText
Bethesda_MD_Electric_Bill_sample,3,35,2,22,27,,,,,,,,,,,,GeneralText
Bethesda_MD_Electric_Bill_sample,3,35,2,23,28,,,,,,,,,,,,GeneralText
Bethesda_MD_Electric_Bill_sample,3,35,2,24,29,,,,,,,,,,,,GeneralText
Bethesda_MD_Electric_Bill_sample,3,35,2,25,30,,,,,,,,,,,,GeneralText
Bethesda_MD_Electric_Bill_sample,3,35,2,26,1,,,,,,,,,,,,GeneralText
Bethesda_MD_Electric_Bill_sample,3,35,2,27,2,,,,,,,,,,,,GeneralText
Bethesda_MD_Electric_Bill_sample,3,35,2,28,3,,,,,,,,,,,,GeneralText
Bethesda_MD_Electric_Bill_sample,3,35,2,29,4,,,,,,,,,,,,GeneralText
Bethesda_MD_Electric_Bill_sample,3,35,2,30,5,,,,,,,,,,,,GeneralText
Bethesda_MD_Electric_Bill_sample,3,35,2,31,6,,,,,,,,,,,,GeneralText
Bethesda_MD_Electric_Bill_sample,3,36,1,1,Page,,,,,,,,,,,,GeneralText
Bethesda_MD_Electric_Bill_sample,3,36,1,2,3,,,,,,,,,,,,GeneralText
Bethesda_MD_Electric_Bill_sample,3,36,1,3,of,,,,,,,,,,,,GeneralText
Bethesda_MD_Electric_Bill_sample,3,36,1,4,3,,,,,,,,,,,,GeneralText
Bethesda_MD_Electric_Bill_sample,3,26,1,9,2017,,,X,,,X,,,,,,Variable