filename,page,block,line,word,text,?,variable,first name,last name,street number,street name,city,state,zip,date,price,acct_#,int_usage,meter_number,meter_usage
WaterBillSample-front,1,1,1,1,RETURN,,,,,,,,,,,,,,,
WaterBillSample-front,1,1,1,2,LOWER,,,,,,,,,,,,,,,
WaterBillSample-front,1,1,1,3,PORTION,,,,,,,,,,,,,,,
WaterBillSample-front,1,1,1,4,WITH,,,,,,,,,,,,,,,
WaterBillSample-front,1,1,1,5,PAYMENT,,,,,,,,,,,,,,,
WaterBillSample-front,1,2,1,1,Account,,,,,,,,,,,,,,,
WaterBillSample-front,1,2,1,2,Number:,,,,,,,,,,,,,,,
WaterBillSample-front,1,3,1,1,Rate,,,,,,,,,,,,,,,
WaterBillSample-front,1,3,1,2,Information,,,,,,,,,,,,,,,
WaterBillSample-front,1,3,1,3,on,,,,,,,,,,,,,,,
WaterBillSample-front,1,3,1,4,Back,,,,,,,,,,,,,,,
WaterBillSample-front,1,4,1,1,GLORIA,,x,x,,,,,,,,,,,,
WaterBillSample-front,1,4,1,2,DE,,x,,x,,,,,,,,,,,
WaterBillSample-front,1,4,1,3,LA,,x,,x,,,,,,,,,,,
WaterBillSample-front,1,4,1,4,CRUZ,,x,,x,,,,,,,,,,,
WaterBillSample-front,1,4,2,1,550,,x,,,x,,,,,,,,,,
WaterBillSample-front,1,4,2,2,N,,x,,,,x,,,,,,,,,
WaterBillSample-front,1,4,2,3,COBB,,x,,,,x,,,,,,,,,
WaterBillSample-front,1,4,2,4,DR,,x,,,,x,,,,,,,,,
WaterBillSample-front,1,4,2,5,SE,,x,,,,x,,,,,,,,,
WaterBillSample-front,1,4,3,1,MARIETTA,,x,,,,,x,,,,,,,,
WaterBillSample-front,1,4,3,2,GA,,x,,,,,,x,,,,,,,
WaterBillSample-front,1,4,3,3,30061-3105,,x,,,,,,,x,,,,,,
WaterBillSample-front,1,5,1,1,Cobb,,,,,,,,,,,,,,,
WaterBillSample-front,1,5,1,2,County,,,,,,,,,,,,,,,
WaterBillSample-front,1,5,1,3,Water,,,,,,,,,,,,,,,
WaterBillSample-front,1,5,1,4,System,,,,,,,,,,,,,,,
WaterBillSample-front,1,5,2,1,660,,,,,,,,,,,,,,,
WaterBillSample-front,1,5,2,2,South,,,,,,,,,,,,,,,
WaterBillSample-front,1,5,2,3,Cobb,,,,,,,,,,,,,,,
WaterBillSample-front,1,5,2,4,Dr,,,,,,,,,,,,,,,
WaterBillSample-front,1,5,2,5,SE,,,,,,,,,,,,,,,
WaterBillSample-front,1,5,3,1,Marietta,,,,,,,,,,,,,,,
WaterBillSample-front,1,5,3,2,GA,,,,,,,,,,,,,,,
WaterBillSample-front,1,5,3,3,30060-3105,,,,,,,,,,,,,,,
WaterBillSample-front,1,6,1,1,Make,,,,,,,,,,,,,,,
WaterBillSample-front,1,6,1,2,Checks,,,,,,,,,,,,,,,
WaterBillSample-front,1,6,1,3,Payable,,,,,,,,,,,,,,,
WaterBillSample-front,1,6,1,4,to:,,,,,,,,,,,,,,,
WaterBillSample-front,1,6,1,5,Cobb,,,,,,,,,,,,,,,
WaterBillSample-front,1,6,1,6,County,,,,,,,,,,,,,,,
WaterBillSample-front,1,6,1,7,Water,,,,,,,,,,,,,,,
WaterBillSample-front,1,6,1,8,System,,,,,,,,,,,,,,,
WaterBillSample-front,1,7,1,1,636574-247853,,x,,,,,,,,,,x,,,
WaterBillSample-front,1,8,1,1,2210200.2019060429205.00017,,,,,,,,,,,,,,,
WaterBillSample-front,1,9,1,1,17,,,,,,,,,,,,,,,
WaterBillSample-front,1,9,2,1,*00017*,,,,,,,,,,,,,,,
WaterBillSample-front,1,10,1,1,Visit,,,,,,,,,,,,,,,
WaterBillSample-front,1,10,1,2,www.CobbWater.org,,,,,,,,,,,,,,,
WaterBillSample-front,1,11,1,1,View,,,,,,,,,,,,,,,
WaterBillSample-front,1,11,1,2,Your,,,,,,,,,,,,,,,
WaterBillSample-front,1,11,1,3,Bill,,,,,,,,,,,,,,,
WaterBillSample-front,1,12,1,1,Make,,,,,,,,,,,,,,,
WaterBillSample-front,1,12,1,2,Payments,,,,,,,,,,,,,,,
WaterBillSample-front,1,13,1,1,Review,,,,,,,,,,,,,,,
WaterBillSample-front,1,13,1,2,Consumption,,,,,,,,,,,,,,,
WaterBillSample-front,1,13,1,3,History,,,,,,,,,,,,,,,
WaterBillSample-front,1,14,1,1,"Free,",,,,,,,,,,,,,,,
WaterBillSample-front,1,14,1,2,"Easy,",,,,,,,,,,,,,,,
WaterBillSample-front,1,14,1,3,Secure,,,,,,,,,,,,,,,
WaterBillSample-front,1,14,1,4,and,,,,,,,,,,,,,,,
WaterBillSample-front,1,14,1,5,Convenient.,,,,,,,,,,,,,,,
WaterBillSample-front,1,15,1,1,636574-247853,,x,,,,,,,,,,x,,,
WaterBillSample-front,1,16,1,1,COBB,,,,,,,,,,,,,,,
WaterBillSample-front,1,16,1,2,COUNTY,,,,,,,,,,,,,,,
WaterBillSample-front,1,16,1,3,WATER,,,,,,,,,,,,,,,
WaterBillSample-front,1,16,1,4,SYSTEM,,,,,,,,,,,,,,,
WaterBillSample-front,1,16,2,1,PO,,,,,,,,,,,,,,,
WaterBillSample-front,1,16,2,2,BOX,,,,,,,,,,,,,,,
WaterBillSample-front,1,16,2,3,580440,,,,,,,,,,,,,,,
WaterBillSample-front,1,16,3,1,CHARLOTTE,,,,,,,,,,,,,,,
WaterBillSample-front,1,16,3,2,NC,,,,,,,,,,,,,,,
WaterBillSample-front,1,16,3,3,28258-0440,,,,,,,,,,,,,,,
WaterBillSample-front,1,17,1,1,Account,,,,,,,,,,,,,,,
WaterBillSample-front,1,17,1,2,Activity,,,,,,,,,,,,,,,
WaterBillSample-front,1,17,1,3,Since,,,,,,,,,,,,,,,
WaterBillSample-front,1,17,1,4,Last,,,,,,,,,,,,,,,
WaterBillSample-front,1,17,1,5,Statement,,,,,,,,,,,,,,,
WaterBillSample-front,1,18,1,1,Account,,,,,,,,,,,,,,,
WaterBillSample-front,1,18,1,2,Number:,,,,,,,,,,,,,,,
WaterBillSample-front,1,18,2,1,636574-247853,,x,,,,,,,,,,x,,,
WaterBillSample-front,1,19,1,1,Previous,,,,,,,,,,,,,,,
WaterBillSample-front,1,19,1,2,Balance:,,,,,,,,,,,,,,,
WaterBillSample-front,1,19,2,1,170.84,,x,,,,,,,,,x,,,,
WaterBillSample-front,1,20,1,1,Payments:,,,,,,,,,,,,,,,
WaterBillSample-front,1,20,2,1,170.84,,x,,,,,,,,,x,,,,
WaterBillSample-front,1,21,1,1,Balance,,,,,,,,,,,,,,,
WaterBillSample-front,1,21,1,2,Forward:,,,,,,,,,,,,,,,
WaterBillSample-front,1,21,2,1,0,,x,,,,,,,,,x,,,,
WaterBillSample-front,1,22,1,1,Due,,,,,,,,,,,,,,,
WaterBillSample-front,1,22,1,2,Date:,,,,,,,,,,,,,,,
WaterBillSample-front,1,22,2,1,6/28/19,,x,,,,,,,,x,,,,,
WaterBillSample-front,1,23,1,1,Total,,,,,,,,,,,,,,,
WaterBillSample-front,1,23,1,2,Amount,,,,,,,,,,,,,,,
WaterBillSample-front,1,23,1,3,Due:,,,,,,,,,,,,,,,
WaterBillSample-front,1,23,2,1,78.24,,x,,,,,,,,,x,,,,
WaterBillSample-front,1,24,1,1,Amount,,,,,,,,,,,,,,,
WaterBillSample-front,1,24,1,2,Paid:,,,,,,,,,,,,,,,
WaterBillSample-front,1,24,1,3,___________________,,,,,,,,,,,,,,,
WaterBillSample-front,1,25,1,1,Your,,,,,,,,,,,,,,,
WaterBillSample-front,1,25,1,2,Consumption,,,,,,,,,,,,,,,
WaterBillSample-front,1,25,1,3,History,,,,,,,,,,,,,,,
WaterBillSample-front,1,25,1,4,(1000,,,,,,,,,,,,,,,
WaterBillSample-front,1,25,1,5,Gallons),,,,,,,,,,,,,,,
WaterBillSample-front,1,26,1,1,Jun,,,,,,,,,,,,,,,
WaterBillSample-front,1,26,1,2,18,,,,,,,,,,,,,,,
WaterBillSample-front,1,27,1,1,Jul,,,,,,,,,,,,,,,
WaterBillSample-front,1,27,1,2,18,,,,,,,,,,,,,,,
WaterBillSample-front,1,28,1,1,Aug,,,,,,,,,,,,,,,
WaterBillSample-front,1,28,1,2,18,,,,,,,,,,,,,,,
WaterBillSample-front,1,29,1,1,Sep,,,,,,,,,,,,,,,
WaterBillSample-front,1,29,1,2,18,,,,,,,,,,,,,,,
WaterBillSample-front,1,30,1,1,Oct,,,,,,,,,,,,,,,
WaterBillSample-front,1,30,1,2,18,,,,,,,,,,,,,,,
WaterBillSample-front,1,31,1,1,Nov,,,,,,,,,,,,,,,
WaterBillSample-front,1,31,1,2,18,,,,,,,,,,,,,,,
WaterBillSample-front,1,32,1,1,Dec,,,,,,,,,,,,,,,
WaterBillSample-front,1,32,1,2,18,,,,,,,,,,,,,,,
WaterBillSample-front,1,33,1,1,Jan,,,,,,,,,,,,,,,
WaterBillSample-front,1,33,1,2,19,,,,,,,,,,,,,,,
WaterBillSample-front,1,34,1,1,Feb,,,,,,,,,,,,,,,
WaterBillSample-front,1,34,1,2,19,,,,,,,,,,,,,,,
WaterBillSample-front,1,35,1,1,Mar,,,,,,,,,,,,,,,
WaterBillSample-front,1,35,1,2,19,,,,,,,,,,,,,,,
WaterBillSample-front,1,36,1,1,Apr,,,,,,,,,,,,,,,
WaterBillSample-front,1,36,1,2,19,,,,,,,,,,,,,,,
WaterBillSample-front,1,37,1,1,May,,,,,,,,,,,,,,,
WaterBillSample-front,1,37,1,2,19,,,,,,,,,,,,,,,
WaterBillSample-front,1,38,1,1,Jun,,,,,,,,,,,,,,,
WaterBillSample-front,1,38,1,2,19,,,,,,,,,,,,,,,
WaterBillSample-front,1,39,1,1,0,,,,,,,,,,,,,,,
WaterBillSample-front,1,40,1,1,4,,,,,,,,,,,,,,,
WaterBillSample-front,1,41,1,1,8,,,,,,,,,,,,,,,
WaterBillSample-front,1,42,1,1,12,,,,,,,,,,,,,,,
WaterBillSample-front,1,43,1,1,16,,,,,,,,,,,,,,,
WaterBillSample-front,1,44,1,1,20,,,,,,,,,,,,,,,
WaterBillSample-front,1,45,1,1,Important,,,,,,,,,,,,,,,
WaterBillSample-front,1,45,1,2,Notice,,,,,,,,,,,,,,,
WaterBillSample-front,1,46,1,1,Annual,,,,,,,,,,,,,,,
WaterBillSample-front,1,46,1,2,Water,,,,,,,,,,,,,,,
WaterBillSample-front,1,46,1,3,Quality,,,,,,,,,,,,,,,
WaterBillSample-front,1,46,1,4,Report,,,,,,,,,,,,,,,
WaterBillSample-front,1,46,1,5,available!,,,,,,,,,,,,,,,
WaterBillSample-front,1,47,1,1,Visit,,,,,,,,,,,,,,,
WaterBillSample-front,1,47,1,2,https://cobbcounty.org/waterqualityreport,,,,,,,,,,,,,,,
WaterBillSample-front,1,47,1,3,to,,,,,,,,,,,,,,,
WaterBillSample-front,1,47,1,4,view,,,,,,,,,,,,,,,
WaterBillSample-front,1,47,1,5,your,,,,,,,,,,,,,,,
WaterBillSample-front,1,47,1,6,2019,,,,,,,,,,,,,,,
WaterBillSample-front,1,47,2,1,Annual,,,,,,,,,,,,,,,
WaterBillSample-front,1,47,2,2,Water,,,,,,,,,,,,,,,
WaterBillSample-front,1,47,2,3,Quality.,,,,,,,,,,,,,,,
WaterBillSample-front,1,47,2,4,This,,,,,,,,,,,,,,,
WaterBillSample-front,1,47,2,5,report,,,,,,,,,,,,,,,
WaterBillSample-front,1,47,2,6,contains,,,,,,,,,,,,,,,
WaterBillSample-front,1,47,2,7,important,,,,,,,,,,,,,,,
WaterBillSample-front,1,47,2,8,information,,,,,,,,,,,,,,,
WaterBillSample-front,1,47,3,1,about,,,,,,,,,,,,,,,
WaterBillSample-front,1,47,3,2,the,,,,,,,,,,,,,,,
WaterBillSample-front,1,47,3,3,source,,,,,,,,,,,,,,,
WaterBillSample-front,1,47,3,4,and,,,,,,,,,,,,,,,
WaterBillSample-front,1,47,3,5,quality,,,,,,,,,,,,,,,
WaterBillSample-front,1,47,3,6,of,,,,,,,,,,,,,,,
WaterBillSample-front,1,47,3,7,your,,,,,,,,,,,,,,,
WaterBillSample-front,1,47,3,8,drinking,,,,,,,,,,,,,,,
WaterBillSample-front,1,47,3,9,water.,,,,,,,,,,,,,,,
WaterBillSample-front,1,47,3,10,If,,,,,,,,,,,,,,,
WaterBillSample-front,1,47,3,11,you,,,,,,,,,,,,,,,
WaterBillSample-front,1,47,3,12,would,,,,,,,,,,,,,,,
WaterBillSample-front,1,47,4,1,like,,,,,,,,,,,,,,,
WaterBillSample-front,1,47,4,2,a,,,,,,,,,,,,,,,
WaterBillSample-front,1,47,4,3,paper,,,,,,,,,,,,,,,
WaterBillSample-front,1,47,4,4,copy,,,,,,,,,,,,,,,
WaterBillSample-front,1,47,4,5,of,,,,,,,,,,,,,,,
WaterBillSample-front,1,47,4,6,the,,,,,,,,,,,,,,,
WaterBillSample-front,1,47,4,7,report,,,,,,,,,,,,,,,
WaterBillSample-front,1,47,4,8,mailed,,,,,,,,,,,,,,,
WaterBillSample-front,1,47,4,9,to,,,,,,,,,,,,,,,
WaterBillSample-front,1,47,4,10,your,,,,,,,,,,,,,,,
WaterBillSample-front,1,47,4,11,"home,",,,,,,,,,,,,,,,
WaterBillSample-front,1,47,4,12,please,,,,,,,,,,,,,,,
WaterBillSample-front,1,47,4,13,call,,,,,,,,,,,,,,,
WaterBillSample-front,1,47,5,1,770-419-6200.,,,,,,,,,,,,,,,
WaterBillSample-front,1,48,1,1,La,,,,,,,,,,,,,,,
WaterBillSample-front,1,48,1,2,versión,,,,,,,,,,,,,,,
WaterBillSample-front,1,48,1,3,en,,,,,,,,,,,,,,,
WaterBillSample-front,1,48,1,4,español,,,,,,,,,,,,,,,
WaterBillSample-front,1,48,1,5,está,,,,,,,,,,,,,,,
WaterBillSample-front,1,48,1,6,disponsible,,,,,,,,,,,,,,,
WaterBillSample-front,1,48,1,7,a,,,,,,,,,,,,,,,
WaterBillSample-front,1,48,1,8,petición,,,,,,,,,,,,,,,
WaterBillSample-front,1,48,1,9,o,,,,,,,,,,,,,,,
WaterBillSample-front,1,48,1,10,visite,,,,,,,,,,,,,,,
WaterBillSample-front,1,48,1,11,nuestra,,,,,,,,,,,,,,,
WaterBillSample-front,1,48,2,1,página,,,,,,,,,,,,,,,
WaterBillSample-front,1,48,2,2,de,,,,,,,,,,,,,,,
WaterBillSample-front,1,48,2,3,internet,,,,,,,,,,,,,,,
WaterBillSample-front,1,48,2,4,https://cobbcounty.org/calidaddelagua.,,,,,,,,,,,,,,,
WaterBillSample-front,1,49,1,1,Office,,,,,,,,,,,,,,,
WaterBillSample-front,1,49,1,2,Hours,,,,,,,,,,,,,,,
WaterBillSample-front,1,49,2,1,Call,,,,,,,,,,,,,,,
WaterBillSample-front,1,49,2,2,Center,,,,,,,,,,,,,,,
WaterBillSample-front,1,49,2,3,and,,,,,,,,,,,,,,,
WaterBillSample-front,1,49,3,1,Drive,,,,,,,,,,,,,,,
WaterBillSample-front,1,49,3,2,-,,,,,,,,,,,,,,,
WaterBillSample-front,1,49,3,3,Through,,,,,,,,,,,,,,,
WaterBillSample-front,1,49,3,4,Hours,,,,,,,,,,,,,,,
WaterBillSample-front,1,49,4,1,Contact,,,,,,,,,,,,,,,
WaterBillSample-front,1,49,4,2,Numbers,,,,,,,,,,,,,,,
WaterBillSample-front,1,50,1,1,Monday,,,,,,,,,,,,,,,
WaterBillSample-front,1,50,1,2,-,,,,,,,,,,,,,,,
WaterBillSample-front,1,50,1,3,Friday,,,,,,,,,,,,,,,
WaterBillSample-front,1,50,2,1,Monday,,,,,,,,,,,,,,,
WaterBillSample-front,1,50,2,2,-,,,,,,,,,,,,,,,
WaterBillSample-front,1,50,2,3,Friday,,,,,,,,,,,,,,,
WaterBillSample-front,1,50,3,1,Office:,,,,,,,,,,,,,,,
WaterBillSample-front,1,50,4,1,770-419-6200,,,,,,,,,,,,,,,
WaterBillSample-front,1,51,1,1,8,,,,,,,,,,,,,,,
WaterBillSample-front,1,51,1,2,am,,,,,,,,,,,,,,,
WaterBillSample-front,1,51,1,3,-,,,,,,,,,,,,,,,
WaterBillSample-front,1,51,1,4,5,,,,,,,,,,,,,,,
WaterBillSample-front,1,51,1,5,pm,,,,,,,,,,,,,,,
WaterBillSample-front,1,51,2,1,7:30,,,,,,,,,,,,,,,
WaterBillSample-front,1,51,2,2,am,,,,,,,,,,,,,,,
WaterBillSample-front,1,51,2,3,-,,,,,,,,,,,,,,,
WaterBillSample-front,1,51,2,4,6,,,,,,,,,,,,,,,
WaterBillSample-front,1,51,2,5,pm,,,,,,,,,,,,,,,
WaterBillSample-front,1,51,3,1,Fax:,,,,,,,,,,,,,,,
WaterBillSample-front,1,51,4,1,770-419-6224,,,,,,,,,,,,,,,
WaterBillSample-front,1,52,1,1,Statement,,,,,,,,,,,,,,,
WaterBillSample-front,1,52,1,2,Date,,,,,,,,,,,,,,,
WaterBillSample-front,1,52,2,1,Current,,,,,,,,,,,,,,,
WaterBillSample-front,1,52,2,2,Charges,,,,,,,,,,,,,,,
WaterBillSample-front,1,52,2,3,Due,,,,,,,,,,,,,,,
WaterBillSample-front,1,52,3,1,Account,,,,,,,,,,,,,,,
WaterBillSample-front,1,52,3,2,Status,,,,,,,,,,,,,,,
WaterBillSample-front,1,53,1,1,6/10/19,,x,,,,,,,,x,,,,,
WaterBillSample-front,1,53,2,1,6/28/19,,x,,,,,,,,x,,,,,
WaterBillSample-front,1,54,1,1,Service,,,,,,,,,,,,,,,
WaterBillSample-front,1,54,1,2,Location:,,,,,,,,,,,,,,,
WaterBillSample-front,1,54,1,3,660,,x,,,x,,,,,,,,,,
WaterBillSample-front,1,54,1,4,SOUTH,,x,,,,x,,,,,,,,,
WaterBillSample-front,1,54,1,5,COBB,,x,,,,x,,,,,,,,,
WaterBillSample-front,1,54,1,6,DR,,x,,,,x,,,,,,,,,
WaterBillSample-front,1,55,1,1,Current,,,,,,,,,,,,,,,
WaterBillSample-front,1,56,1,1,METER,,,,,,,,,,,,,,,
WaterBillSample-front,1,56,2,1,NUMBER,,,,,,,,,,,,,,,
WaterBillSample-front,1,57,1,1,SERVICE,,,,,,,,,,,,,,,
WaterBillSample-front,1,57,2,1,PERIOD,,,,,,,,,,,,,,,
WaterBillSample-front,1,58,1,1,DAYS,,,,,,,,,,,,,,,
WaterBillSample-front,1,58,1,2,IN,,,,,,,,,,,,,,,
WaterBillSample-front,1,58,2,1,PERIOD,,,,,,,,,,,,,,,
WaterBillSample-front,1,59,1,1,PREVIOUS,,,,,,,,,,,,,,,
WaterBillSample-front,1,59,2,1,READING,,,,,,,,,,,,,,,
WaterBillSample-front,1,60,1,1,PRESENT,,,,,,,,,,,,,,,
WaterBillSample-front,1,60,2,1,READING,,,,,,,,,,,,,,,
WaterBillSample-front,1,61,1,1,CONSUMPTION,,,,,,,,,,,,,,,
WaterBillSample-front,1,61,2,1,(GALLONS),,,,,,,,,,,,,,,
WaterBillSample-front,1,62,1,1,BILL,,,,,,,,,,,,,,,
WaterBillSample-front,1,62,2,1,CYCLE,,,,,,,,,,,,,,,
WaterBillSample-front,1,63,1,1,AA99999982,,x,,,,,,,,,,,,x,
WaterBillSample-front,1,63,2,1,05/16/19-,,x,,,,,,,,x,,,,,
WaterBillSample-front,1,63,2,2,6/10/19,,x,,,,,,,,x,,,,,
WaterBillSample-front,1,63,3,1,25,,x,,,,,,,,,,,x,,
WaterBillSample-front,1,63,4,1,68,,x,,,,,,,,,,,x,,
WaterBillSample-front,1,63,5,1,75,,x,,,,,,,,,,,x,,
WaterBillSample-front,1,63,5,2,A,,x,,,,,,,,,,,x,,
WaterBillSample-front,1,63,6,1,"7,000",,x,,,,,,,,,,,x,,
WaterBillSample-front,1,63,7,1,1,,,,,,,,,,,,,,,
WaterBillSample-front,1,64,1,1,Adjustments,,,,,,,,,,,,,,,
WaterBillSample-front,1,64,1,2,Since,,,,,,,,,,,,,,,
WaterBillSample-front,1,64,1,3,Last,,,,,,,,,,,,,,,
WaterBillSample-front,1,64,1,4,Statement,,,,,,,,,,,,,,,
WaterBillSample-front,1,65,1,1,Total,,,,,,,,,,,,,,,
WaterBillSample-front,1,65,1,2,Adjustments,,,,,,,,,,,,,,,
WaterBillSample-front,1,65,2,1,$0.00 ,,x,,,,,,,,,x,,,,
WaterBillSample-front,1,66,1,1,Current,,,,,,,,,,,,,,,
WaterBillSample-front,1,66,1,2,Summary,,,,,,,,,,,,,,,
WaterBillSample-front,1,66,1,3,of,,,,,,,,,,,,,,,
WaterBillSample-front,1,66,1,4,Charges,,,,,,,,,,,,,,,
WaterBillSample-front,1,67,1,1,Water,,,,,,,,,,,,,,,
WaterBillSample-front,1,67,2,1,"3,000",,x,,,,,,,,,,,x,,
WaterBillSample-front,1,67,3,1,gal,,,,,,,,,,,,,,,
WaterBillSample-front,1,67,4,1,9.48,,x,,,,,,,,,x,,,,
WaterBillSample-front,1,68,1,1,Water,,,,,,,,,,,,,,,
WaterBillSample-front,1,68,1,2,(Tier,,,,,,,,,,,,,,,
WaterBillSample-front,1,68,1,3,Two),,,,,,,,,,,,,,,
WaterBillSample-front,1,68,2,1,"4,000",,x,,,,,,,,,,,x,,
WaterBillSample-front,1,68,3,1,gal,,,,,,,,,,,,,,,
WaterBillSample-front,1,68,4,1,19.48,,x,,,,,,,,,x,,,,
WaterBillSample-front,1,69,1,1,Cost,,,,,,,,,,,,,,,
WaterBillSample-front,1,69,1,2,Of,,,,,,,,,,,,,,,
WaterBillSample-front,1,69,1,3,Basic,,,,,,,,,,,,,,,
WaterBillSample-front,1,69,1,4,Service,,,,,,,,,,,,,,,
WaterBillSample-front,1,69,2,1,7,,x,,,,,,,,,x,,,,
WaterBillSample-front,1,70,1,1,Sewer,,,,,,,,,,,,,,,
WaterBillSample-front,1,70,2,1,"7,000",,x,,,,,,,,,,,x,,
WaterBillSample-front,1,70,3,1,gal,,,,,,,,,,,,,,,
WaterBillSample-front,1,70,4,1,42.28,,x,,,,,,,,,x,,,,
WaterBillSample-front,1,71,1,1,Total,,,,,,,,,,,,,,,
WaterBillSample-front,1,71,1,2,Current,,,,,,,,,,,,,,,
WaterBillSample-front,1,71,1,3,Charges,,,,,,,,,,,,,,,
WaterBillSample-front,1,71,2,1,78.24,,x,,,,,,,,,x,,,,
WaterBillSample-front,1,72,1,1,TOTAL,,,,,,,,,,,,,,,
WaterBillSample-front,1,72,1,2,AMOUNT,,,,,,,,,,,,,,,
WaterBillSample-front,1,72,1,3,DUE,,,,,,,,,,,,,,,
WaterBillSample-front,1,72,2,1,78.24,,x,,,,,,,,,x,,,,
WaterBillSample-back,1,1,1,1,Cobb,,,,,,,,,,,,,,,
WaterBillSample-back,1,1,1,2,County,,,,,,,,,,,,,,,
WaterBillSample-back,1,1,1,3,Water,,,,,,,,,,,,,,,
WaterBillSample-back,1,1,1,4,System,,,,,,,,,,,,,,,
WaterBillSample-back,1,1,1,5,Monthly,,,,,,,,,,,,,,,
WaterBillSample-back,1,1,1,6,Billing,,,,,,,,,,,,,,,
WaterBillSample-back,1,1,1,7,Information,,,,,,,,,,,,,,,
WaterBillSample-back,1,2,1,1,Información,,,,,,,,,,,,,,,
WaterBillSample-back,1,2,1,2,Mensual,,,,,,,,,,,,,,,
WaterBillSample-back,1,2,1,3,del,,,,,,,,,,,,,,,
WaterBillSample-back,1,2,1,4,Sistema,,,,,,,,,,,,,,,
WaterBillSample-back,1,2,1,5,de,,,,,,,,,,,,,,,
WaterBillSample-back,1,2,1,6,Agua,,,,,,,,,,,,,,,
WaterBillSample-back,1,2,1,7,del,,,,,,,,,,,,,,,
WaterBillSample-back,1,2,1,8,Condado,,,,,,,,,,,,,,,
WaterBillSample-back,1,2,1,9,de,,,,,,,,,,,,,,,
WaterBillSample-back,1,2,1,10,Cobb,,,,,,,,,,,,,,,
WaterBillSample-back,1,3,1,1,WATER,,,,,,,,,,,,,,,
WaterBillSample-back,1,3,1,2,RATES:,,,,,,,,,,,,,,,
WaterBillSample-back,1,3,2,1,Tarifa,,,,,,,,,,,,,,,
WaterBillSample-back,1,3,2,2,del,,,,,,,,,,,,,,,
WaterBillSample-back,1,3,2,3,Agua:,,,,,,,,,,,,,,,
WaterBillSample-back,1,4,1,1,Unincorporated,,,,,,,,,,,,,,,
WaterBillSample-back,1,4,1,2,Cobb,,,,,,,,,,,,,,,
WaterBillSample-back,1,4,2,1,Cobb,,,,,,,,,,,,,,,
WaterBillSample-back,1,4,2,2,No,,,,,,,,,,,,,,,
WaterBillSample-back,1,4,2,3,Incorporado,,,,,,,,,,,,,,,
WaterBillSample-back,1,5,1,1,Inside,,,,,,,,,,,,,,,
WaterBillSample-back,1,5,1,2,City,,,,,,,,,,,,,,,
WaterBillSample-back,1,5,1,3,Limits,,,,,,,,,,,,,,,
WaterBillSample-back,1,6,1,1,Dentro,,,,,,,,,,,,,,,
WaterBillSample-back,1,6,1,2,los,,,,,,,,,,,,,,,
WaterBillSample-back,1,6,1,3,límites,,,,,,,,,,,,,,,
WaterBillSample-back,1,6,1,4,de,,,,,,,,,,,,,,,
WaterBillSample-back,1,6,1,5,la,,,,,,,,,,,,,,,
WaterBillSample-back,1,6,1,6,ciudad,,,,,,,,,,,,,,,
WaterBillSample-back,1,7,1,1,Non-Residential:,,,,,,,,,,,,,,,
WaterBillSample-back,1,8,1,1,Single,,,,,,,,,,,,,,,
WaterBillSample-back,1,8,1,2,Family,,,,,,,,,,,,,,,
WaterBillSample-back,1,8,1,3,Residential:,,,,,,,,,,,,,,,
WaterBillSample-back,1,8,2,1,Tier,,,,,,,,,,,,,,,
WaterBillSample-back,1,8,2,2,One,,,,,,,,,,,,,,,
WaterBillSample-back,1,8,2,3,/,,,,,,,,,,,,,,,
WaterBillSample-back,1,8,2,4,Nivel,,,,,,,,,,,,,,,
WaterBillSample-back,1,8,2,5,Uno:,,,,,,,,,,,,,,,
WaterBillSample-back,1,8,3,1,Tier,,,,,,,,,,,,,,,
WaterBillSample-back,1,8,3,2,Two,,,,,,,,,,,,,,,
WaterBillSample-back,1,8,3,3,/,,,,,,,,,,,,,,,
WaterBillSample-back,1,8,3,4,Nivel,,,,,,,,,,,,,,,
WaterBillSample-back,1,8,3,5,Dos:,,,,,,,,,,,,,,,
WaterBillSample-back,1,8,4,1,Tier,,,,,,,,,,,,,,,
WaterBillSample-back,1,8,4,2,Three,,,,,,,,,,,,,,,
WaterBillSample-back,1,8,4,3,/,,,,,,,,,,,,,,,
WaterBillSample-back,1,8,4,4,Nivel,,,,,,,,,,,,,,,
WaterBillSample-back,1,8,4,5,Tres,,,,,,,,,,,,,,,
WaterBillSample-back,1,8,5,1,Tier,,,,,,,,,,,,,,,
WaterBillSample-back,1,8,5,2,Four,,,,,,,,,,,,,,,
WaterBillSample-back,1,8,5,3,/,,,,,,,,,,,,,,,
WaterBillSample-back,1,8,5,4,Nivel,,,,,,,,,,,,,,,
WaterBillSample-back,1,8,5,5,Cuatro:,,,,,,,,,,,,,,,
WaterBillSample-back,1,8,6,1,Tier,,,,,,,,,,,,,,,
WaterBillSample-back,1,8,6,2,Five,,,,,,,,,,,,,,,
WaterBillSample-back,1,8,6,3,/,,,,,,,,,,,,,,,
WaterBillSample-back,1,8,6,4,Nivel,,,,,,,,,,,,,,,
WaterBillSample-back,1,8,6,5,Cinco:,,,,,,,,,,,,,,,
WaterBillSample-back,1,9,1,1,"1,000",,,,,,,,,,,,,,,
WaterBillSample-back,1,9,1,2,-,,,,,,,,,,,,,,,
WaterBillSample-back,1,9,1,3,"3,000",,,,,,,,,,,,,,,
WaterBillSample-back,1,9,1,4,gallons,,,,,,,,,,,,,,,
WaterBillSample-back,1,9,2,1,"4,000",,,,,,,,,,,,,,,
WaterBillSample-back,1,9,2,2,"-15,000",,,,,,,,,,,,,,,
WaterBillSample-back,1,9,2,3,gallons,,,,,,,,,,,,,,,
WaterBillSample-back,1,9,3,1,"16,000",,,,,,,,,,,,,,,
WaterBillSample-back,1,9,3,2,-,,,,,,,,,,,,,,,
WaterBillSample-back,1,9,3,3,"29,000",,,,,,,,,,,,,,,
WaterBillSample-back,1,9,3,4,gallons,,,,,,,,,,,,,,,
WaterBillSample-back,1,9,4,1,"30,000",,,,,,,,,,,,,,,
WaterBillSample-back,1,9,4,2,-,,,,,,,,,,,,,,,
WaterBillSample-back,1,9,4,3,"49,000",,,,,,,,,,,,,,,
WaterBillSample-back,1,9,4,4,gallons,,,,,,,,,,,,,,,
WaterBillSample-back,1,9,5,1,"50,000",,,,,,,,,,,,,,,
WaterBillSample-back,1,9,5,2,-,,,,,,,,,,,,,,,
WaterBillSample-back,1,9,5,3,above,,,,,,,,,,,,,,,
WaterBillSample-back,1,9,5,4,gallons,,,,,,,,,,,,,,,
WaterBillSample-back,1,10,1,1,$4.78 ,,,,,,,,,,,,,,,
WaterBillSample-back,1,10,1,2,per,,,,,,,,,,,,,,,
WaterBillSample-back,1,10,1,3,"1,000",,,,,,,,,,,,,,,
WaterBillSample-back,1,10,1,4,gallons,,,,,,,,,,,,,,,
WaterBillSample-back,1,11,1,1,$3.16 ,,,,,,,,,,,,,,,
WaterBillSample-back,1,11,1,2,per,,,,,,,,,,,,,,,
WaterBillSample-back,1,11,1,3,"1,000",,,,,,,,,,,,,,,
WaterBillSample-back,1,11,1,4,gallons,,,,,,,,,,,,,,,
WaterBillSample-back,1,11,2,1,$4.87 ,,,,,,,,,,,,,,,
WaterBillSample-back,1,11,2,2,per,,,,,,,,,,,,,,,
WaterBillSample-back,1,11,2,3,"1,000",,,,,,,,,,,,,,,
WaterBillSample-back,1,11,2,4,gallons,,,,,,,,,,,,,,,
WaterBillSample-back,1,11,3,1,$6.06 ,,,,,,,,,,,,,,,
WaterBillSample-back,1,11,3,2,per,,,,,,,,,,,,,,,
WaterBillSample-back,1,11,3,3,"1,000",,,,,,,,,,,,,,,
WaterBillSample-back,1,11,3,4,gallons,,,,,,,,,,,,,,,
WaterBillSample-back,1,11,4,1,$6.90 ,,,,,,,,,,,,,,,
WaterBillSample-back,1,11,4,2,per,,,,,,,,,,,,,,,
WaterBillSample-back,1,11,4,3,"1,000",,,,,,,,,,,,,,,
WaterBillSample-back,1,11,4,4,gallons,,,,,,,,,,,,,,,
WaterBillSample-back,1,11,5,1,$9.21 ,,,,,,,,,,,,,,,
WaterBillSample-back,1,11,5,2,per,,,,,,,,,,,,,,,
WaterBillSample-back,1,11,5,3,"1,000",,,,,,,,,,,,,,,
WaterBillSample-back,1,11,5,4,gallons,,,,,,,,,,,,,,,
WaterBillSample-back,1,12,1,1,$4.60 ,,,,,,,,,,,,,,,
WaterBillSample-back,1,12,1,2,per,,,,,,,,,,,,,,,
WaterBillSample-back,1,12,1,3,"1,000",,,,,,,,,,,,,,,
WaterBillSample-back,1,12,1,4,gallons,,,,,,,,,,,,,,,
WaterBillSample-back,1,13,1,1,$3.04 ,,,,,,,,,,,,,,,
WaterBillSample-back,1,13,1,2,per,,,,,,,,,,,,,,,
WaterBillSample-back,1,13,1,3,"1,000",,,,,,,,,,,,,,,
WaterBillSample-back,1,13,1,4,gallons,,,,,,,,,,,,,,,
WaterBillSample-back,1,13,2,1,$4.69 ,,,,,,,,,,,,,,,
WaterBillSample-back,1,13,2,2,per,,,,,,,,,,,,,,,
WaterBillSample-back,1,13,2,3,"1,000",,,,,,,,,,,,,,,
WaterBillSample-back,1,13,2,4,gallons,,,,,,,,,,,,,,,
WaterBillSample-back,1,13,3,1,$5.84 ,,,,,,,,,,,,,,,
WaterBillSample-back,1,13,3,2,per,,,,,,,,,,,,,,,
WaterBillSample-back,1,13,3,3,"1,000",,,,,,,,,,,,,,,
WaterBillSample-back,1,13,3,4,gallons,,,,,,,,,,,,,,,
WaterBillSample-back,1,13,4,1,$6.64 ,,,,,,,,,,,,,,,
WaterBillSample-back,1,13,4,2,per,,,,,,,,,,,,,,,
WaterBillSample-back,1,13,4,3,"1,000",,,,,,,,,,,,,,,
WaterBillSample-back,1,13,4,4,gallons,,,,,,,,,,,,,,,
WaterBillSample-back,1,13,5,1,$8.87 ,,,,,,,,,,,,,,,
WaterBillSample-back,1,13,5,2,per,,,,,,,,,,,,,,,
WaterBillSample-back,1,13,5,3,"1,000",,,,,,,,,,,,,,,
WaterBillSample-back,1,13,5,4,gallons,,,,,,,,,,,,,,,
WaterBillSample-back,1,14,1,1,Water,,,,,,,,,,,,,,,
WaterBillSample-back,1,14,1,2,and,,,,,,,,,,,,,,,
WaterBillSample-back,1,14,1,3,sewer,,,,,,,,,,,,,,,
WaterBillSample-back,1,14,1,4,rates,,,,,,,,,,,,,,,
WaterBillSample-back,1,14,1,5,for,,,,,,,,,,,,,,,
WaterBillSample-back,1,14,1,6,customers,,,,,,,,,,,,,,,
WaterBillSample-back,1,14,1,7,located,,,,,,,,,,,,,,,
WaterBillSample-back,1,14,1,8,inside,,,,,,,,,,,,,,,
WaterBillSample-back,1,14,1,9,city,,,,,,,,,,,,,,,
WaterBillSample-back,1,14,1,10,limits,,,,,,,,,,,,,,,
WaterBillSample-back,1,14,1,11,are,,,,,,,,,,,,,,,
WaterBillSample-back,1,14,1,12,slightly,,,,,,,,,,,,,,,
WaterBillSample-back,1,14,1,13,lower,,,,,,,,,,,,,,,
WaterBillSample-back,1,14,1,14,to,,,,,,,,,,,,,,,
WaterBillSample-back,1,14,1,15,account,,,,,,,,,,,,,,,
WaterBillSample-back,1,14,1,16,for,,,,,,,,,,,,,,,
WaterBillSample-back,1,14,1,17,the,,,,,,,,,,,,,,,
WaterBillSample-back,1,14,1,18,portion,,,,,,,,,,,,,,,
WaterBillSample-back,1,14,1,19,of,,,,,,,,,,,,,,,
WaterBillSample-back,1,14,1,20,the,,,,,,,,,,,,,,,
WaterBillSample-back,1,14,2,1,Water,,,,,,,,,,,,,,,
WaterBillSample-back,1,14,2,2,System’s,,,,,,,,,,,,,,,
WaterBillSample-back,1,14,2,3,revenues,,,,,,,,,,,,,,,
WaterBillSample-back,1,14,2,4,that,,,,,,,,,,,,,,,
WaterBillSample-back,1,14,2,5,fund,,,,,,,,,,,,,,,
WaterBillSample-back,1,14,2,6,stormwater,,,,,,,,,,,,,,,
WaterBillSample-back,1,14,2,7,services,,,,,,,,,,,,,,,
WaterBillSample-back,1,14,2,8,which,,,,,,,,,,,,,,,
WaterBillSample-back,1,14,2,9,do,,,,,,,,,,,,,,,
WaterBillSample-back,1,14,2,10,not,,,,,,,,,,,,,,,
WaterBillSample-back,1,14,2,11,benefit,,,,,,,,,,,,,,,
WaterBillSample-back,1,14,2,12,properties,,,,,,,,,,,,,,,
WaterBillSample-back,1,14,2,13,inside,,,,,,,,,,,,,,,
WaterBillSample-back,1,14,2,14,city,,,,,,,,,,,,,,,
WaterBillSample-back,1,14,2,15,limits.,,,,,,,,,,,,,,,
WaterBillSample-back,1,15,1,1,Las,,,,,,,,,,,,,,,
WaterBillSample-back,1,15,1,2,tarifas,,,,,,,,,,,,,,,
WaterBillSample-back,1,15,1,3,del,,,,,,,,,,,,,,,
WaterBillSample-back,1,15,1,4,agua,,,,,,,,,,,,,,,
WaterBillSample-back,1,15,1,5,y,,,,,,,,,,,,,,,
WaterBillSample-back,1,15,1,6,alcantarillado,,,,,,,,,,,,,,,
WaterBillSample-back,1,15,1,7,para,,,,,,,,,,,,,,,
WaterBillSample-back,1,15,1,8,los,,,,,,,,,,,,,,,
WaterBillSample-back,1,15,1,9,clientes,,,,,,,,,,,,,,,
WaterBillSample-back,1,15,1,10,que,,,,,,,,,,,,,,,
WaterBillSample-back,1,15,1,11,se,,,,,,,,,,,,,,,
WaterBillSample-back,1,15,1,12,encuentra,,,,,,,,,,,,,,,
WaterBillSample-back,1,15,1,13,dentro,,,,,,,,,,,,,,,
WaterBillSample-back,1,15,1,14,de,,,,,,,,,,,,,,,
WaterBillSample-back,1,15,1,15,los,,,,,,,,,,,,,,,
WaterBillSample-back,1,15,1,16,límites,,,,,,,,,,,,,,,
WaterBillSample-back,1,15,1,17,de,,,,,,,,,,,,,,,
WaterBillSample-back,1,15,1,18,la,,,,,,,,,,,,,,,
WaterBillSample-back,1,15,1,19,ciudad,,,,,,,,,,,,,,,
WaterBillSample-back,1,15,1,20,están,,,,,,,,,,,,,,,
WaterBillSample-back,1,15,2,1,un,,,,,,,,,,,,,,,
WaterBillSample-back,1,15,2,2,poco,,,,,,,,,,,,,,,
WaterBillSample-back,1,15,2,3,más,,,,,,,,,,,,,,,
WaterBillSample-back,1,15,2,4,baja,,,,,,,,,,,,,,,
WaterBillSample-back,1,15,2,5,para,,,,,,,,,,,,,,,
WaterBillSample-back,1,15,2,6,tomar,,,,,,,,,,,,,,,
WaterBillSample-back,1,15,2,7,en,,,,,,,,,,,,,,,
WaterBillSample-back,1,15,2,8,cuenta,,,,,,,,,,,,,,,
WaterBillSample-back,1,15,2,9,la,,,,,,,,,,,,,,,
WaterBillSample-back,1,15,2,10,parte,,,,,,,,,,,,,,,
WaterBillSample-back,1,15,2,11,de,,,,,,,,,,,,,,,
WaterBillSample-back,1,15,2,12,los,,,,,,,,,,,,,,,
WaterBillSample-back,1,15,2,13,ingresos,,,,,,,,,,,,,,,
WaterBillSample-back,1,15,2,14,del,,,,,,,,,,,,,,,
WaterBillSample-back,1,15,2,15,Sistema,,,,,,,,,,,,,,,
WaterBillSample-back,1,15,2,16,de,,,,,,,,,,,,,,,
WaterBillSample-back,1,15,2,17,agua,,,,,,,,,,,,,,,
WaterBillSample-back,1,15,2,18,que,,,,,,,,,,,,,,,
WaterBillSample-back,1,15,2,19,financian,,,,,,,,,,,,,,,
WaterBillSample-back,1,15,2,20,los,,,,,,,,,,,,,,,
WaterBillSample-back,1,15,2,21,servicios,,,,,,,,,,,,,,,
WaterBillSample-back,1,15,3,1,del,,,,,,,,,,,,,,,
WaterBillSample-back,1,15,3,2,agua,,,,,,,,,,,,,,,
WaterBillSample-back,1,15,3,3,pluviales,,,,,,,,,,,,,,,
WaterBillSample-back,1,15,3,4,que,,,,,,,,,,,,,,,
WaterBillSample-back,1,15,3,5,no,,,,,,,,,,,,,,,
WaterBillSample-back,1,15,3,6,benefician,,,,,,,,,,,,,,,
WaterBillSample-back,1,15,3,7,las,,,,,,,,,,,,,,,
WaterBillSample-back,1,15,3,8,propiedades,,,,,,,,,,,,,,,
WaterBillSample-back,1,15,3,9,dentro,,,,,,,,,,,,,,,
WaterBillSample-back,1,15,3,10,de,,,,,,,,,,,,,,,
WaterBillSample-back,1,15,3,11,los,,,,,,,,,,,,,,,
WaterBillSample-back,1,15,3,12,límites,,,,,,,,,,,,,,,
WaterBillSample-back,1,15,3,13,de,,,,,,,,,,,,,,,
WaterBillSample-back,1,15,3,14,la,,,,,,,,,,,,,,,
WaterBillSample-back,1,15,3,15,ciudad.,,,,,,,,,,,,,,,
WaterBillSample-back,1,16,1,1,WATER,,,,,,,,,,,,,,,
WaterBillSample-back,1,16,1,2,CONSERVATION:,,,,,,,,,,,,,,,
WaterBillSample-back,1,16,2,1,Water,,,,,,,,,,,,,,,
WaterBillSample-back,1,16,2,2,conservation,,,,,,,,,,,,,,,
WaterBillSample-back,1,16,2,3,"services,",,,,,,,,,,,,,,,
WaterBillSample-back,1,16,2,4,"materials,",,,,,,,,,,,,,,,
WaterBillSample-back,1,16,2,5,and,,,,,,,,,,,,,,,
WaterBillSample-back,1,16,2,6,resources,,,,,,,,,,,,,,,
WaterBillSample-back,1,16,2,7,are,,,,,,,,,,,,,,,
WaterBillSample-back,1,16,2,8,available,,,,,,,,,,,,,,,
WaterBillSample-back,1,16,2,9,to,,,,,,,,,,,,,,,
WaterBillSample-back,1,16,2,10,all,,,,,,,,,,,,,,,
WaterBillSample-back,1,16,2,11,of,,,,,,,,,,,,,,,
WaterBillSample-back,1,16,2,12,our,,,,,,,,,,,,,,,
WaterBillSample-back,1,16,2,13,customers,,,,,,,,,,,,,,,
WaterBillSample-back,1,16,2,14,through,,,,,,,,,,,,,,,
WaterBillSample-back,1,16,2,15,our,,,,,,,,,,,,,,,
WaterBillSample-back,1,16,3,1,Conservación,,,,,,,,,,,,,,,
WaterBillSample-back,1,16,3,2,de,,,,,,,,,,,,,,,
WaterBillSample-back,1,16,3,3,Agua:,,,,,,,,,,,,,,,
WaterBillSample-back,1,16,4,1,Water,,,,,,,,,,,,,,,
WaterBillSample-back,1,16,4,2,Efficiency,,,,,,,,,,,,,,,
WaterBillSample-back,1,16,4,3,Program.,,,,,,,,,,,,,,,
WaterBillSample-back,1,16,4,4,For,,,,,,,,,,,,,,,
WaterBillSample-back,1,16,4,5,more,,,,,,,,,,,,,,,
WaterBillSample-back,1,16,4,6,"information,",,,,,,,,,,,,,,,
WaterBillSample-back,1,16,4,7,www.cobbwater.org/efficiency.htm,,,,,,,,,,,,,,,
WaterBillSample-back,1,16,4,8,or,,,,,,,,,,,,,,,
WaterBillSample-back,1,16,4,9,call,,,,,,,,,,,,,,,
WaterBillSample-back,1,16,4,10,770-419-6200.,,,,,,,,,,,,,,,
WaterBillSample-back,1,16,5,1,Los,,,,,,,,,,,,,,,
WaterBillSample-back,1,16,5,2,servicios,,,,,,,,,,,,,,,
WaterBillSample-back,1,16,5,3,para,,,,,,,,,,,,,,,
WaterBillSample-back,1,16,5,4,la,,,,,,,,,,,,,,,
WaterBillSample-back,1,16,5,5,conservación,,,,,,,,,,,,,,,
WaterBillSample-back,1,16,5,6,del,,,,,,,,,,,,,,,
WaterBillSample-back,1,16,5,7,"agua,",,,,,,,,,,,,,,,
WaterBillSample-back,1,16,5,8,los,,,,,,,,,,,,,,,
WaterBillSample-back,1,16,5,9,materiales,,,,,,,,,,,,,,,
WaterBillSample-back,1,16,5,10,y,,,,,,,,,,,,,,,
WaterBillSample-back,1,16,5,11,los,,,,,,,,,,,,,,,
WaterBillSample-back,1,16,5,12,recursos,,,,,,,,,,,,,,,
WaterBillSample-back,1,16,5,13,están,,,,,,,,,,,,,,,
WaterBillSample-back,1,16,5,14,disponibles,,,,,,,,,,,,,,,
WaterBillSample-back,1,16,5,15,para,,,,,,,,,,,,,,,
WaterBillSample-back,1,16,5,16,todos,,,,,,,,,,,,,,,
WaterBillSample-back,1,16,6,1,nuestros,,,,,,,,,,,,,,,
WaterBillSample-back,1,16,6,2,clientes,,,,,,,,,,,,,,,
WaterBillSample-back,1,16,6,3,por,,,,,,,,,,,,,,,
WaterBillSample-back,1,16,6,4,el,,,,,,,,,,,,,,,
WaterBillSample-back,1,16,6,5,Programa,,,,,,,,,,,,,,,
WaterBillSample-back,1,16,6,6,para,,,,,,,,,,,,,,,
WaterBillSample-back,1,16,6,7,el,,,,,,,,,,,,,,,
WaterBillSample-back,1,16,6,8,Uso,,,,,,,,,,,,,,,
WaterBillSample-back,1,16,6,9,Eficaz,,,,,,,,,,,,,,,
WaterBillSample-back,1,16,6,10,del,,,,,,,,,,,,,,,
WaterBillSample-back,1,16,6,11,Agua,,,,,,,,,,,,,,,
WaterBillSample-back,1,16,6,12,(Water,,,,,,,,,,,,,,,
WaterBillSample-back,1,16,6,13,Efficiency,,,,,,,,,,,,,,,
WaterBillSample-back,1,16,6,14,Program).,,,,,,,,,,,,,,,
WaterBillSample-back,1,16,6,15,Puede,,,,,,,,,,,,,,,
WaterBillSample-back,1,16,6,16,obtener,,,,,,,,,,,,,,,
WaterBillSample-back,1,16,6,17,más,,,,,,,,,,,,,,,
WaterBillSample-back,1,16,7,1,información,,,,,,,,,,,,,,,
WaterBillSample-back,1,16,7,2,en,,,,,,,,,,,,,,,
WaterBillSample-back,1,16,7,3,el,,,,,,,,,,,,,,,
WaterBillSample-back,1,16,7,4,sitio,,,,,,,,,,,,,,,
WaterBillSample-back,1,16,7,5,www.cobbwater.org/efficiency.htm,,,,,,,,,,,,,,,
WaterBillSample-back,1,16,7,6,o,,,,,,,,,,,,,,,
WaterBillSample-back,1,16,7,7,al,,,,,,,,,,,,,,,
WaterBillSample-back,1,16,7,8,comunicarse,,,,,,,,,,,,,,,
WaterBillSample-back,1,16,7,9,770-419-6200.,,,,,,,,,,,,,,,
WaterBillSample-back,1,17,1,1,SEWER,,,,,,,,,,,,,,,
WaterBillSample-back,1,17,1,2,RATE,,,,,,,,,,,,,,,
WaterBillSample-back,1,17,1,3,/,,,,,,,,,,,,,,,
WaterBillSample-back,1,17,1,4,Tarifa,,,,,,,,,,,,,,,
WaterBillSample-back,1,17,1,5,de,,,,,,,,,,,,,,,
WaterBillSample-back,1,17,1,6,la,,,,,,,,,,,,,,,
WaterBillSample-back,1,17,1,7,Alcantarilla:,,,,,,,,,,,,,,,
WaterBillSample-back,1,17,1,8,$6.04 ,,,,,,,,,,,,,,,
WaterBillSample-back,1,17,1,9,per,,,,,,,,,,,,,,,
WaterBillSample-back,1,17,1,10,"1,000",,,,,,,,,,,,,,,
WaterBillSample-back,1,17,1,11,gallons,,,,,,,,,,,,,,,
WaterBillSample-back,1,17,1,12,(Unincorporated,,,,,,,,,,,,,,,
WaterBillSample-back,1,17,1,13,Cobb);,,,,,,,,,,,,,,,
WaterBillSample-back,1,17,1,14,$5.82 ,,,,,,,,,,,,,,,
WaterBillSample-back,1,17,1,15,per,,,,,,,,,,,,,,,
WaterBillSample-back,1,17,1,16,"1,000",,,,,,,,,,,,,,,
WaterBillSample-back,1,17,1,17,gallons,,,,,,,,,,,,,,,
WaterBillSample-back,1,17,1,18,(Inside,,,,,,,,,,,,,,,
WaterBillSample-back,1,17,1,19,City,,,,,,,,,,,,,,,
WaterBillSample-back,1,17,1,20,Limits);,,,,,,,,,,,,,,,
WaterBillSample-back,1,18,1,1,IRRIGATION,,,,,,,,,,,,,,,
WaterBillSample-back,1,18,1,2,/,,,,,,,,,,,,,,,
WaterBillSample-back,1,18,1,3,Irrigación:,,,,,,,,,,,,,,,
WaterBillSample-back,1,18,2,1,BASE,,,,,,,,,,,,,,,
WaterBillSample-back,1,18,2,2,CHARGE,,,,,,,,,,,,,,,
WaterBillSample-back,1,18,2,3,/,,,,,,,,,,,,,,,
WaterBillSample-back,1,18,2,4,Cargo,,,,,,,,,,,,,,,
WaterBillSample-back,1,18,2,5,Básico,,,,,,,,,,,,,,,
WaterBillSample-back,1,19,1,1,LATE,,,,,,,,,,,,,,,
WaterBillSample-back,1,19,1,2,FEE:,,,,,,,,,,,,,,,
WaterBillSample-back,1,19,2,1,Recargo:,,,,,,,,,,,,,,,
WaterBillSample-back,1,19,3,1,SERVICE,,,,,,,,,,,,,,,
WaterBillSample-back,1,19,3,2,RESTORATION:,,,,,,,,,,,,,,,
WaterBillSample-back,1,20,1,1,$9.21 ,,,,,,,,,,,,,,,
WaterBillSample-back,1,20,1,2,per,,,,,,,,,,,,,,,
WaterBillSample-back,1,20,1,3,"1,000",,,,,,,,,,,,,,,
WaterBillSample-back,1,20,1,4,gallons,,,,,,,,,,,,,,,
WaterBillSample-back,1,20,1,5,(Unincorporated,,,,,,,,,,,,,,,
WaterBillSample-back,1,20,1,6,Cobb);,,,,,,,,,,,,,,,
WaterBillSample-back,1,20,1,7,$,,,,,,,,,,,,,,,
WaterBillSample-back,1,20,1,8,8,,,,,,,,,,,,,,,
WaterBillSample-back,1,20,1,9,87,,,,,,,,,,,,,,,
WaterBillSample-back,1,20,1,10,per,,,,,,,,,,,,,,,
WaterBillSample-back,1,20,1,11,"1,000",,,,,,,,,,,,,,,
WaterBillSample-back,1,20,1,12,gallons,,,,,,,,,,,,,,,
WaterBillSample-back,1,20,1,13,(Inside,,,,,,,,,,,,,,,
WaterBillSample-back,1,20,1,14,City,,,,,,,,,,,,,,,
WaterBillSample-back,1,20,1,15,Limits);,,,,,,,,,,,,,,,
WaterBillSample-back,1,21,1,1,A,,,,,,,,,,,,,,,
WaterBillSample-back,1,21,1,2,monthly,,,,,,,,,,,,,,,
WaterBillSample-back,1,21,1,3,fee,,,,,,,,,,,,,,,
WaterBillSample-back,1,21,1,4,based,,,,,,,,,,,,,,,
WaterBillSample-back,1,21,1,5,on,,,,,,,,,,,,,,,
WaterBillSample-back,1,21,1,6,an,,,,,,,,,,,,,,,
WaterBillSample-back,1,21,1,7,account’s,,,,,,,,,,,,,,,
WaterBillSample-back,1,21,1,8,meter,,,,,,,,,,,,,,,
WaterBillSample-back,1,21,1,9,size,,,,,,,,,,,,,,,
WaterBillSample-back,1,21,1,10,that,,,,,,,,,,,,,,,
WaterBillSample-back,1,21,1,11,provides,,,,,,,,,,,,,,,
WaterBillSample-back,1,21,1,12,for,,,,,,,,,,,,,,,
WaterBillSample-back,1,21,1,13,costs,,,,,,,,,,,,,,,
WaterBillSample-back,1,21,1,14,incurred,,,,,,,,,,,,,,,
WaterBillSample-back,1,21,1,15,regardless,,,,,,,,,,,,,,,
WaterBillSample-back,1,21,1,16,of,,,,,,,,,,,,,,,
WaterBillSample-back,1,21,1,17,consumption,,,,,,,,,,,,,,,
WaterBillSample-back,1,21,1,18,such,,,,,,,,,,,,,,,
WaterBillSample-back,1,21,2,1,as,,,,,,,,,,,,,,,
WaterBillSample-back,1,21,2,2,meter,,,,,,,,,,,,,,,
WaterBillSample-back,1,21,2,3,"reading,",,,,,,,,,,,,,,,
WaterBillSample-back,1,21,2,4,"depreciation,",,,,,,,,,,,,,,,
WaterBillSample-back,1,21,2,5,billing,,,,,,,,,,,,,,,
WaterBillSample-back,1,21,2,6,and,,,,,,,,,,,,,,,
WaterBillSample-back,1,21,2,7,other,,,,,,,,,,,,,,,
WaterBillSample-back,1,21,2,8,services.,,,,,,,,,,,,,,,
WaterBillSample-back,1,21,3,1,El,,,,,,,,,,,,,,,
WaterBillSample-back,1,21,3,2,cargo,,,,,,,,,,,,,,,
WaterBillSample-back,1,21,3,3,básico,,,,,,,,,,,,,,,
WaterBillSample-back,1,21,3,4,mensual,,,,,,,,,,,,,,,
WaterBillSample-back,1,21,3,5,es,,,,,,,,,,,,,,,
WaterBillSample-back,1,21,3,6,basado,,,,,,,,,,,,,,,
WaterBillSample-back,1,21,3,7,al,,,,,,,,,,,,,,,
WaterBillSample-back,1,21,3,8,tamaño,,,,,,,,,,,,,,,
WaterBillSample-back,1,21,3,9,del,,,,,,,,,,,,,,,
WaterBillSample-back,1,21,3,10,medidor,,,,,,,,,,,,,,,
WaterBillSample-back,1,21,3,11,que,,,,,,,,,,,,,,,
WaterBillSample-back,1,21,3,12,proporciona,,,,,,,,,,,,,,,
WaterBillSample-back,1,21,3,13,para,,,,,,,,,,,,,,,
WaterBillSample-back,1,21,3,14,el,,,,,,,,,,,,,,,
WaterBillSample-back,1,21,3,15,costo,,,,,,,,,,,,,,,
WaterBillSample-back,1,21,3,16,contraído,,,,,,,,,,,,,,,
WaterBillSample-back,1,21,3,17,sin,,,,,,,,,,,,,,,
WaterBillSample-back,1,21,3,18,tener,,,,,,,,,,,,,,,
WaterBillSample-back,1,21,4,1,en,,,,,,,,,,,,,,,
WaterBillSample-back,1,21,4,2,cuenta,,,,,,,,,,,,,,,
WaterBillSample-back,1,21,4,3,el,,,,,,,,,,,,,,,
WaterBillSample-back,1,21,4,4,"consumo,",,,,,,,,,,,,,,,
WaterBillSample-back,1,21,4,5,la,,,,,,,,,,,,,,,
WaterBillSample-back,1,21,4,6,"lectura,",,,,,,,,,,,,,,,
WaterBillSample-back,1,21,4,7,la,,,,,,,,,,,,,,,
WaterBillSample-back,1,21,4,8,"factura,",,,,,,,,,,,,,,,
WaterBillSample-back,1,21,4,9,la,,,,,,,,,,,,,,,
WaterBillSample-back,1,21,4,10,"depreciación,",,,,,,,,,,,,,,,
WaterBillSample-back,1,21,4,11,facturando,,,,,,,,,,,,,,,
WaterBillSample-back,1,21,4,12,y,,,,,,,,,,,,,,,
WaterBillSample-back,1,21,4,13,otros,,,,,,,,,,,,,,,
WaterBillSample-back,1,21,4,14,servicios.,,,,,,,,,,,,,,,
WaterBillSample-back,1,22,1,1,$10.00 ,,,,,,,,,,,,,,,
WaterBillSample-back,1,22,1,2,(assessed,,,,,,,,,,,,,,,
WaterBillSample-back,1,22,1,3,10,,,,,,,,,,,,,,,
WaterBillSample-back,1,22,1,4,days,,,,,,,,,,,,,,,
WaterBillSample-back,1,22,1,5,after,,,,,,,,,,,,,,,
WaterBillSample-back,1,22,1,6,Due,,,,,,,,,,,,,,,
WaterBillSample-back,1,22,1,7,Date),,,,,,,,,,,,,,,
WaterBillSample-back,1,22,2,1,$10.00 ,,,,,,,,,,,,,,,
WaterBillSample-back,1,22,2,2,(aplicado,,,,,,,,,,,,,,,
WaterBillSample-back,1,22,2,3,10,,,,,,,,,,,,,,,
WaterBillSample-back,1,22,2,4,dias,,,,,,,,,,,,,,,
WaterBillSample-back,1,22,2,5,despúes,,,,,,,,,,,,,,,
WaterBillSample-back,1,22,2,6,de,,,,,,,,,,,,,,,
WaterBillSample-back,1,22,2,7,fecha,,,,,,,,,,,,,,,
WaterBillSample-back,1,22,2,8,de,,,,,,,,,,,,,,,
WaterBillSample-back,1,22,2,9,vencimiento),,,,,,,,,,,,,,,
WaterBillSample-back,1,23,1,1,Service,,,,,,,,,,,,,,,
WaterBillSample-back,1,23,1,2,will,,,,,,,,,,,,,,,
WaterBillSample-back,1,23,1,3,be,,,,,,,,,,,,,,,
WaterBillSample-back,1,23,1,4,restored:,,,,,,,,,,,,,,,
WaterBillSample-back,1,23,1,5,7:30,,,,,,,,,,,,,,,
WaterBillSample-back,1,23,1,6,a.m.,,,,,,,,,,,,,,,
WaterBillSample-back,1,23,1,7,-,,,,,,,,,,,,,,,
WaterBillSample-back,1,23,1,8,6:00,,,,,,,,,,,,,,,
WaterBillSample-back,1,23,1,9,p.m.,,,,,,,,,,,,,,,
WaterBillSample-back,1,23,1,10,-,,,,,,,,,,,,,,,
WaterBillSample-back,1,23,1,11,Monday-Friday,,,,,,,,,,,,,,,
WaterBillSample-back,1,24,1,1,Restauración,,,,,,,,,,,,,,,
WaterBillSample-back,1,24,1,2,de,,,,,,,,,,,,,,,
WaterBillSample-back,1,24,1,3,servicio:,,,,,,,,,,,,,,,
WaterBillSample-back,1,25,1,1,PROCESSING,,,,,,,,,,,,,,,
WaterBillSample-back,1,25,1,2,FEE:,,,,,,,,,,,,,,,
WaterBillSample-back,1,25,2,1,$50.00 ,,,,,,,,,,,,,,,
WaterBillSample-back,1,25,2,2,(assessed,,,,,,,,,,,,,,,
WaterBillSample-back,1,25,2,3,when,,,,,,,,,,,,,,,
WaterBillSample-back,1,25,2,4,delinquent,,,,,,,,,,,,,,,
WaterBillSample-back,1,25,2,5,account,,,,,,,,,,,,,,,
WaterBillSample-back,1,25,2,6,disconnection,,,,,,,,,,,,,,,
WaterBillSample-back,1,25,2,7,work,,,,,,,,,,,,,,,
WaterBillSample-back,1,25,2,8,order,,,,,,,,,,,,,,,
WaterBillSample-back,1,25,2,9,is,,,,,,,,,,,,,,,
WaterBillSample-back,1,25,2,10,created).,,,,,,,,,,,,,,,
WaterBillSample-back,1,25,3,1,Cargo,,,,,,,,,,,,,,,
WaterBillSample-back,1,25,3,2,de,,,,,,,,,,,,,,,
WaterBillSample-back,1,25,3,3,procesamiento:,,,,,,,,,,,,,,,
WaterBillSample-back,1,25,4,1,$50.00 ,,,,,,,,,,,,,,,
WaterBillSample-back,1,25,4,2,(se,,,,,,,,,,,,,,,
WaterBillSample-back,1,25,4,3,cobra,,,,,,,,,,,,,,,
WaterBillSample-back,1,25,4,4,cuando,,,,,,,,,,,,,,,
WaterBillSample-back,1,25,4,5,se,,,,,,,,,,,,,,,
WaterBillSample-back,1,25,4,6,crea,,,,,,,,,,,,,,,
WaterBillSample-back,1,25,4,7,la,,,,,,,,,,,,,,,
WaterBillSample-back,1,25,4,8,orden,,,,,,,,,,,,,,,
WaterBillSample-back,1,25,4,9,de,,,,,,,,,,,,,,,
WaterBillSample-back,1,25,4,10,trabajo,,,,,,,,,,,,,,,
WaterBillSample-back,1,25,4,11,para,,,,,,,,,,,,,,,
WaterBillSample-back,1,25,4,12,la,,,,,,,,,,,,,,,
WaterBillSample-back,1,25,4,13,desconexion).,,,,,,,,,,,,,,,
WaterBillSample-back,1,26,1,1,CUSTOMER,,,,,,,,,,,,,,,
WaterBillSample-back,1,26,1,2,SERVICE:,,,,,,,,,,,,,,,
WaterBillSample-back,1,26,2,1,660,,,,,,,,,,,,,,,
WaterBillSample-back,1,26,2,2,South,,,,,,,,,,,,,,,
WaterBillSample-back,1,26,2,3,Cobb,,,,,,,,,,,,,,,
WaterBillSample-back,1,26,2,4,"Drive,",,,,,,,,,,,,,,,
WaterBillSample-back,1,26,2,5,"Marietta,",,,,,,,,,,,,,,,
WaterBillSample-back,1,26,2,6,30060-3105,,,,,,,,,,,,,,,
WaterBillSample-back,1,26,2,7,(S.,,,,,,,,,,,,,,,
WaterBillSample-back,1,26,2,8,Cobb,,,,,,,,,,,,,,,
WaterBillSample-back,1,26,2,9,Drive,,,,,,,,,,,,,,,
WaterBillSample-back,1,26,2,10,&,,,,,,,,,,,,,,,
WaterBillSample-back,1,26,2,11,Atlanta,,,,,,,,,,,,,,,
WaterBillSample-back,1,26,2,12,Road),,,,,,,,,,,,,,,
WaterBillSample-back,1,26,3,1,Servicio,,,,,,,,,,,,,,,
WaterBillSample-back,1,26,3,2,al,,,,,,,,,,,,,,,
WaterBillSample-back,1,26,3,3,Cliente:,,,,,,,,,,,,,,,
WaterBillSample-back,1,26,4,1,Office,,,,,,,,,,,,,,,
WaterBillSample-back,1,26,4,2,Hours:,,,,,,,,,,,,,,,
WaterBillSample-back,1,26,4,3,8:00,,,,,,,,,,,,,,,
WaterBillSample-back,1,26,4,4,a.m.,,,,,,,,,,,,,,,
WaterBillSample-back,1,26,4,5,-,,,,,,,,,,,,,,,
WaterBillSample-back,1,26,4,6,5:00,,,,,,,,,,,,,,,
WaterBillSample-back,1,26,4,7,p.m.,,,,,,,,,,,,,,,
WaterBillSample-back,1,27,1,1,Telephone,,,,,,,,,,,,,,,
WaterBillSample-back,1,27,1,2,Call,,,,,,,,,,,,,,,
WaterBillSample-back,1,27,1,3,Center:,,,,,,,,,,,,,,,
WaterBillSample-back,1,27,1,4,7:30,,,,,,,,,,,,,,,
WaterBillSample-back,1,27,1,5,a.m.,,,,,,,,,,,,,,,
WaterBillSample-back,1,27,1,6,-,,,,,,,,,,,,,,,
WaterBillSample-back,1,27,1,7,5:00,,,,,,,,,,,,,,,
WaterBillSample-back,1,27,1,8,p.m.,,,,,,,,,,,,,,,
WaterBillSample-back,1,27,1,9,-,,,,,,,,,,,,,,,
WaterBillSample-back,1,27,1,10,Monday-Friday,,,,,,,,,,,,,,,
WaterBillSample-back,1,27,2,1,770-419-6200,,,,,,,,,,,,,,,
WaterBillSample-back,1,27,3,1,Fax:,,,,,,,,,,,,,,,
WaterBillSample-back,1,27,3,2,770-419-6224,,,,,,,,,,,,,,,
WaterBillSample-back,1,27,4,1,Centro,,,,,,,,,,,,,,,
WaterBillSample-back,1,27,4,2,de,,,,,,,,,,,,,,,
WaterBillSample-back,1,27,4,3,servicio,,,,,,,,,,,,,,,
WaterBillSample-back,1,27,4,4,al,,,,,,,,,,,,,,,
WaterBillSample-back,1,27,4,5,cliente,,,,,,,,,,,,,,,
WaterBillSample-back,1,27,4,6,telefónico:,,,,,,,,,,,,,,,
WaterBillSample-back,1,27,4,7,Calls,,,,,,,,,,,,,,,
WaterBillSample-back,1,27,4,8,may,,,,,,,,,,,,,,,
WaterBillSample-back,1,27,4,9,be,,,,,,,,,,,,,,,
WaterBillSample-back,1,27,4,10,monitored,,,,,,,,,,,,,,,
WaterBillSample-back,1,27,4,11,for,,,,,,,,,,,,,,,
WaterBillSample-back,1,27,4,12,training,,,,,,,,,,,,,,,
WaterBillSample-back,1,27,4,13,and,,,,,,,,,,,,,,,
WaterBillSample-back,1,27,4,14,quality,,,,,,,,,,,,,,,
WaterBillSample-back,1,27,4,15,assurance,,,,,,,,,,,,,,,
WaterBillSample-back,1,27,4,16,purposes.,,,,,,,,,,,,,,,
WaterBillSample-back,1,28,1,1,Las,,,,,,,,,,,,,,,
WaterBillSample-back,1,28,1,2,llamadas,,,,,,,,,,,,,,,
WaterBillSample-back,1,28,1,3,pueden,,,,,,,,,,,,,,,
WaterBillSample-back,1,28,1,4,ser,,,,,,,,,,,,,,,
WaterBillSample-back,1,28,1,5,monitoreadas,,,,,,,,,,,,,,,
WaterBillSample-back,1,28,1,6,para,,,,,,,,,,,,,,,
WaterBillSample-back,1,28,1,7,propósito,,,,,,,,,,,,,,,
WaterBillSample-back,1,28,1,8,de,,,,,,,,,,,,,,,
WaterBillSample-back,1,28,1,9,entrenamiento,,,,,,,,,,,,,,,
WaterBillSample-back,1,28,1,10,y,,,,,,,,,,,,,,,
WaterBillSample-back,1,28,1,11,calidad.,,,,,,,,,,,,,,,
WaterBillSample-back,1,29,1,1,Drive-in,,,,,,,,,,,,,,,
WaterBillSample-back,1,29,1,2,Window,,,,,,,,,,,,,,,
WaterBillSample-back,1,29,1,3,Service:,,,,,,,,,,,,,,,
WaterBillSample-back,1,29,2,1,7:30,,,,,,,,,,,,,,,
WaterBillSample-back,1,29,2,2,a.m.,,,,,,,,,,,,,,,
WaterBillSample-back,1,29,2,3,-,,,,,,,,,,,,,,,
WaterBillSample-back,1,29,2,4,5:00,,,,,,,,,,,,,,,
WaterBillSample-back,1,29,2,5,p.m.,,,,,,,,,,,,,,,
WaterBillSample-back,1,29,2,6,-,,,,,,,,,,,,,,,
WaterBillSample-back,1,29,2,7,Monday-Friday,,,,,,,,,,,,,,,
WaterBillSample-back,1,30,1,1,Servicio,,,,,,,,,,,,,,,
WaterBillSample-back,1,30,1,2,de,,,,,,,,,,,,,,,
WaterBillSample-back,1,30,1,3,Ventanilla:,,,,,,,,,,,,,,,
WaterBillSample-back,1,31,1,1,Night,,,,,,,,,,,,,,,
WaterBillSample-back,1,31,1,2,Deposit,,,,,,,,,,,,,,,
WaterBillSample-back,1,31,1,3,at,,,,,,,,,,,,,,,
WaterBillSample-back,1,31,1,4,Drive-in,,,,,,,,,,,,,,,
WaterBillSample-back,1,31,1,5,Window:,,,,,,,,,,,,,,,
WaterBillSample-back,1,31,1,6,Anytime,,,,,,,,,,,,,,,
WaterBillSample-back,1,31,1,7,after,,,,,,,,,,,,,,,
WaterBillSample-back,1,31,1,8,regular,,,,,,,,,,,,,,,
WaterBillSample-back,1,31,1,9,hours,,,,,,,,,,,,,,,
WaterBillSample-back,1,31,1,10,/,,,,,,,,,,,,,,,
WaterBillSample-back,1,31,1,11,En,,,,,,,,,,,,,,,
WaterBillSample-back,1,31,1,12,cualquier,,,,,,,,,,,,,,,
WaterBillSample-back,1,31,1,13,momento,,,,,,,,,,,,,,,
WaterBillSample-back,1,31,1,14,después,,,,,,,,,,,,,,,
WaterBillSample-back,1,31,1,15,de,,,,,,,,,,,,,,,
WaterBillSample-back,1,31,1,16,horas,,,,,,,,,,,,,,,
WaterBillSample-back,1,31,1,17,regulares.,,,,,,,,,,,,,,,
WaterBillSample-back,1,32,1,1,Caja,,,,,,,,,,,,,,,
WaterBillSample-back,1,32,1,2,Para,,,,,,,,,,,,,,,
WaterBillSample-back,1,32,1,3,Depósitos,,,,,,,,,,,,,,,
WaterBillSample-back,1,32,1,4,de,,,,,,,,,,,,,,,
WaterBillSample-back,1,32,1,5,Noche:,,,,,,,,,,,,,,,
WaterBillSample-back,1,33,1,1,24-HOUR,,,,,,,,,,,,,,,
WaterBillSample-back,1,33,1,2,EMERGENCY,,,,,,,,,,,,,,,
WaterBillSample-back,1,33,1,3,SERVICE:,,,,,,,,,,,,,,,
WaterBillSample-back,1,33,1,4,770-419-6201,,,,,,,,,,,,,,,
WaterBillSample-back,1,33,1,5,(Solo,,,,,,,,,,,,,,,
WaterBillSample-back,1,33,1,6,en,,,,,,,,,,,,,,,
WaterBillSample-back,1,33,1,7,Inglés),,,,,,,,,,,,,,,
WaterBillSample-back,1,33,2,1,Servicio,,,,,,,,,,,,,,,
WaterBillSample-back,1,33,2,2,de,,,,,,,,,,,,,,,
WaterBillSample-back,1,33,2,3,Emergencia,,,,,,,,,,,,,,,
WaterBillSample-back,1,33,2,4,las,,,,,,,,,,,,,,,
WaterBillSample-back,1,33,2,5,24,,,,,,,,,,,,,,,
WaterBillSample-back,1,33,2,6,Horas:,,,,,,,,,,,,,,,
WaterBillSample-back,1,33,3,1,STREET,,,,,,,,,,,,,,,
WaterBillSample-back,1,33,3,2,LIGHT,,,,,,,,,,,,,,,
WaterBillSample-back,1,33,3,3,MAINTENANCE:,,,,,,,,,,,,,,,
WaterBillSample-back,1,33,4,1,For,,,,,,,,,,,,,,,
WaterBillSample-back,1,33,4,2,repairs,,,,,,,,,,,,,,,
WaterBillSample-back,1,33,4,3,please,,,,,,,,,,,,,,,
WaterBillSample-back,1,33,4,4,contact,,,,,,,,,,,,,,,
WaterBillSample-back,1,33,4,5,your,,,,,,,,,,,,,,,
WaterBillSample-back,1,33,4,6,power,,,,,,,,,,,,,,,
WaterBillSample-back,1,33,4,7,company,,,,,,,,,,,,,,,
WaterBillSample-back,1,33,4,8,at,,,,,,,,,,,,,,,
WaterBillSample-back,1,33,4,9,one,,,,,,,,,,,,,,,
WaterBillSample-back,1,33,4,10,of,,,,,,,,,,,,,,,
WaterBillSample-back,1,33,4,11,the,,,,,,,,,,,,,,,
WaterBillSample-back,1,33,4,12,numbers,,,,,,,,,,,,,,,
WaterBillSample-back,1,33,4,13,listed,,,,,,,,,,,,,,,
WaterBillSample-back,1,33,4,14,below.,,,,,,,,,,,,,,,
WaterBillSample-back,1,33,4,15,For,,,,,,,,,,,,,,,
WaterBillSample-back,1,33,4,16,other,,,,,,,,,,,,,,,
WaterBillSample-back,1,33,4,17,"inquiries,",,,,,,,,,,,,,,,
WaterBillSample-back,1,33,4,18,please,,,,,,,,,,,,,,,
WaterBillSample-back,1,33,5,1,Mantenimiento,,,,,,,,,,,,,,,
WaterBillSample-back,1,33,5,2,de,,,,,,,,,,,,,,,
WaterBillSample-back,1,33,5,3,Luces,,,,,,,,,,,,,,,
WaterBillSample-back,1,33,5,4,de,,,,,,,,,,,,,,,
WaterBillSample-back,1,33,5,5,la,,,,,,,,,,,,,,,
WaterBillSample-back,1,33,5,6,Calle:,,,,,,,,,,,,,,,
WaterBillSample-back,1,33,6,1,contact,,,,,,,,,,,,,,,
WaterBillSample-back,1,33,6,2,the,,,,,,,,,,,,,,,
WaterBillSample-back,1,33,6,3,Cobb,,,,,,,,,,,,,,,
WaterBillSample-back,1,33,6,4,County,,,,,,,,,,,,,,,
WaterBillSample-back,1,33,6,5,Department,,,,,,,,,,,,,,,
WaterBillSample-back,1,33,6,6,of,,,,,,,,,,,,,,,
WaterBillSample-back,1,33,6,7,Transportation,,,,,,,,,,,,,,,
WaterBillSample-back,1,33,6,8,at,,,,,,,,,,,,,,,
WaterBillSample-back,1,33,6,9,770-528-1690,,,,,,,,,,,,,,,
WaterBillSample-back,1,33,6,10,or,,,,,,,,,,,,,,,
WaterBillSample-back,1,33,6,11,770-528-1691.,,,,,,,,,,,,,,,
WaterBillSample-back,1,34,1,1,Para,,,,,,,,,,,,,,,
WaterBillSample-back,1,34,1,2,"reparaciones,",,,,,,,,,,,,,,,
WaterBillSample-back,1,34,1,3,por,,,,,,,,,,,,,,,
WaterBillSample-back,1,34,1,4,favor,,,,,,,,,,,,,,,
WaterBillSample-back,1,34,1,5,de,,,,,,,,,,,,,,,
WaterBillSample-back,1,34,1,6,contactar,,,,,,,,,,,,,,,
WaterBillSample-back,1,34,1,7,a,,,,,,,,,,,,,,,
WaterBillSample-back,1,34,1,8,su,,,,,,,,,,,,,,,
WaterBillSample-back,1,34,1,9,compañía,,,,,,,,,,,,,,,
WaterBillSample-back,1,34,1,10,de,,,,,,,,,,,,,,,
WaterBillSample-back,1,34,1,11,luz,,,,,,,,,,,,,,,
WaterBillSample-back,1,34,1,12,a,,,,,,,,,,,,,,,
WaterBillSample-back,1,34,1,13,uno,,,,,,,,,,,,,,,
WaterBillSample-back,1,34,1,14,de,,,,,,,,,,,,,,,
WaterBillSample-back,1,34,1,15,los,,,,,,,,,,,,,,,
WaterBillSample-back,1,34,1,16,números,,,,,,,,,,,,,,,
WaterBillSample-back,1,34,1,17,listados.,,,,,,,,,,,,,,,
WaterBillSample-back,1,34,1,18,Para,,,,,,,,,,,,,,,
WaterBillSample-back,1,34,1,19,cualquier,,,,,,,,,,,,,,,
WaterBillSample-back,1,34,2,1,otra,,,,,,,,,,,,,,,
WaterBillSample-back,1,34,2,2,"información,",,,,,,,,,,,,,,,
WaterBillSample-back,1,34,2,3,por,,,,,,,,,,,,,,,
WaterBillSample-back,1,34,2,4,favor,,,,,,,,,,,,,,,
WaterBillSample-back,1,34,2,5,de,,,,,,,,,,,,,,,
WaterBillSample-back,1,34,2,6,contactar,,,,,,,,,,,,,,,
WaterBillSample-back,1,34,2,7,al,,,,,,,,,,,,,,,
WaterBillSample-back,1,34,2,8,Departamento,,,,,,,,,,,,,,,
WaterBillSample-back,1,34,2,9,de,,,,,,,,,,,,,,,
WaterBillSample-back,1,34,2,10,Transportación,,,,,,,,,,,,,,,
WaterBillSample-back,1,34,2,11,al,,,,,,,,,,,,,,,
WaterBillSample-back,1,34,2,12,770-528-1690,,,,,,,,,,,,,,,
WaterBillSample-back,1,34,2,13,o,,,,,,,,,,,,,,,
WaterBillSample-back,1,34,2,14,770-528-1691.,,,,,,,,,,,,,,,
WaterBillSample-back,1,35,1,1,Cobb,,,,,,,,,,,,,,,
WaterBillSample-back,1,35,1,2,EMC,,,,,,,,,,,,,,,
WaterBillSample-back,1,35,2,1,770-429-2100,,,,,,,,,,,,,,,
WaterBillSample-back,1,35,3,1,Marietta,,,,,,,,,,,,,,,
WaterBillSample-back,1,35,3,2,Power,,,,,,,,,,,,,,,
WaterBillSample-back,1,35,4,1,770-794-5160,,,,,,,,,,,,,,,
WaterBillSample-back,1,36,1,1,Georgia,,,,,,,,,,,,,,,
WaterBillSample-back,1,36,1,2,Power,,,,,,,,,,,,,,,
WaterBillSample-back,1,36,2,1,1-888-660-5890,,,,,,,,,,,,,,,
WaterBillSample-back,1,36,3,1,Greystone,,,,,,,,,,,,,,,
WaterBillSample-back,1,36,3,2,Power,,,,,,,,,,,,,,,
WaterBillSample-back,1,36,4,1,770-942-6576,,,,,,,,,,,,,,,